Year,Afghanistan,Angola,Albania,Andorra,United Arab Emirates,Argentina,Armenia,Antigua and Barbuda,Australia,Austria,Azerbaijan,Burundi,Belgium,Benin,Burkina Faso,Bangladesh,Bulgaria,Bahrain,Bahamas,Bosnia and Herzegovina,Belarus,Belize,Bolivia,Brazil,Barbados,Brunei,Bhutan,Botswana,Central African Republic,Canada,Switzerland,Chile,China,Cote d'Ivoire,Cameroon,"Congo, Dem. Rep.","Congo, Rep.",Colombia,Comoros,Cape Verde,Costa Rica,Cuba,Cyprus,Czech Republic,Germany,Djibouti,Dominica,Denmark,Dominican Republic,Algeria,Ecuador,Egypt,Eritrea,Spain,Estonia,Ethiopia,Finland,Fiji,France,"Micronesia, Fed. Sts.",Gabon,United Kingdom,Georgia,Ghana,Guinea,Gambia,Guinea-Bissau,Equatorial Guinea,Greece,Grenada,Guatemala,Guyana,"Hong Kong, China",Honduras,Croatia,Haiti,Hungary,Indonesia,India,Ireland,Iran,Iraq,Iceland,Israel,Italy,Jamaica,Jordan,Japan,Kazakhstan,Kenya,Kyrgyz Republic,Cambodia,Kiribati,St. Kitts and Nevis,South Korea,Kuwait,Lao,Lebanon,Liberia,Libya,St. Lucia,Liechtenstein,Sri Lanka,Lesotho,Lithuania,Luxembourg,Latvia,Morocco,Moldova,Madagascar,Maldives,Mexico,Marshall Islands,North Macedonia,Mali,Malta,Myanmar,Montenegro,Mongolia,Mozambique,Mauritania,Mauritius,Malawi,Malaysia,Namibia,Niger,Nigeria,Nicaragua,Netherlands,Norway,Nepal,Nauru,New Zealand,Oman,Pakistan,Panama,Peru,Philippines,Palau,Papua New Guinea,Poland,North Korea,Portugal,Paraguay,Palestine,Qatar,Romania,Russia,Rwanda,Saudi Arabia,Sudan,Senegal,Singapore,Solomon Islands,Sierra Leone,El Salvador,Somalia,Serbia,South Sudan,Sao Tome and Principe,Suriname,Slovak Republic,Slovenia,Sweden,Eswatini,Seychelles,Syria,Chad,Togo,Thailand,Tajikistan,Turkmenistan,Timor-Leste,Tonga,Trinidad and Tobago,Tunisia,Turkey,Tuvalu,Taiwan,Tanzania,Uganda,Ukraine,Uruguay,United States,Uzbekistan,St. Vincent and the Grenadines,Venezuela,Vietnam,Vanuatu,Samoa,Yemen,South Africa,Zambia,Zimbabwe
1960,0.0536,0.0821,1.35,,0.109,2.46,3.83,0.867,8.67,4.48,5.27,0.0168,10.1,0.052,0.0187,0.0464,3.26,10.5,4.75,1.67,5.69,0.387,0.279,0.662,0.839,3.56,,,0.0577,10.6,3.79,1.74,0.822,0.152,0.0534,0.151,0.257,1.1,0.0567,0.107,0.356,1.67,1.5,11.2,11.3,0.497,0.18,6.88,0.302,0.535,0.352,0.624,,1.75,8.79,0.015,3.34,0.414,6.09,,0.326,11.2,2.79,0.197,0.173,0.0591,0.0471,0.085,1.18,0.201,0.325,1.25,1.07,0.351,1.42,0.0753,4.88,0.289,0.284,4.43,1.63,1.17,6.1,3.29,2.49,1.29,1,2.99,9.3,0.287,3.95,0.0487,0.174,,0.554,33.2,0.0524,1.44,0.141,0.798,0.202,,0.231,,4.58,36.5,3.2,0.297,3.71,0.0681,,1.68,,2.68,0.0221,0.933,0.117,1.09,1.42,0.358,0.0544,0.275,0.0997,0.557,,0.0158,0.0893,0.307,6.54,3.7,0.00786,,4.85,,0.268,0.945,0.827,0.321,,0.0878,6.91,2.27,1.02,0.186,,3.14,2.97,7.55,0.0305,0.847,0.164,0.247,1.24,0.121,0.123,0.205,0.0313,2.11,0.0399,0.17,1.45,8.2,2.86,6.49,0.0107,,0.649,0.0168,0.0574,0.147,1.94,10.1,,0.173,5.32,0.417,0.617,,1.11,0.068,0.0582,6.43,1.6,15.2,5.12,0.134,6.15,0.237,,0.164,0.494,5.83,1.17,1.3
1961,0.0737,0.21,1.42,,0.164,2.54,3.89,1.84,8.92,4.74,5.35,0.0151,10.6,0.0542,0.017,0.0496,3.83,9.19,6,1.68,5.92,0.715,0.289,0.702,1.12,4.14,,,0.0473,11.1,4.4,1.97,0.645,0.156,0.0537,0.136,0.223,1.14,0.0558,0.0871,0.384,1.9,1.57,11.8,11.9,0.506,0.177,7.94,0.353,0.488,0.325,0.661,,1.93,9.12,0.017,3.74,0.548,6.38,,0.172,11.2,2.88,0.203,0.183,0.0676,0.0641,0.0839,1.22,0.278,0.31,1.12,1.14,0.325,1.45,0.0757,5.02,0.249,0.306,4.7,1.62,1.18,6.56,3.55,2.9,1.26,1.04,3.07,9.39,0.303,4.01,0.0511,0.254,,0.644,42.4,0.0594,1.48,0.217,0.676,0.2,,0.248,,4.75,36,3.32,0.235,3.81,0.074,,1.59,,2.71,0.0259,1.04,0.127,1.09,1.95,0.265,0.0691,0.362,0.094,0.55,,0.0184,0.0888,0.35,7.08,3.87,0.00844,,4.52,,0.288,0.991,0.927,0.368,,0.0846,7.13,2.59,1.05,0.196,,3.39,3.37,7.83,0.0276,1.43,0.17,0.24,1.48,0.117,0.137,0.221,0.037,2.15,0.0419,0.171,1.63,8.63,2.92,6.77,,,0.657,0.027,0.0546,0.173,1.97,10.3,,0.166,8.23,0.417,0.75,,1.22,0.072,0.0594,6.66,1.54,15.5,5.21,0.132,6.19,0.269,0.595,0.158,0.71,5.89,1.1,1.21
1962,0.0741,0.203,1.16,,0.176,2.33,4.04,1.49,9.31,5.13,5.55,0.0161,11.3,0.0476,0.0175,0.0555,4.25,6.71,5.56,1.84,6.3,0.622,0.313,0.706,0.816,3.8,,,0.0464,11.1,5.19,2.01,0.628,0.159,0.0545,0.139,0.214,1.21,0.0549,0.0677,0.405,1.71,1.71,12.4,12.6,0.656,0.233,8.69,0.343,0.455,0.363,0.746,,1.87,9.66,0.0177,4.28,0.555,7.03,,0.142,11.3,3.04,0.236,0.19,0.0757,0.0751,0.0965,1.46,0.157,0.331,0.99,1.28,0.321,1.6,0.0608,5.57,0.24,0.322,4.8,1.75,1.19,7.01,3.53,3.24,1.41,1.16,3.37,9.71,0.32,4.15,0.0629,0.413,,0.767,45,0.0645,1.52,0.298,0.91,0.236,,0.239,,5.02,35.3,3.51,0.294,4,0.0842,,1.6,,2.98,0.0323,1.29,0.114,1.19,1.54,0.216,0.0948,0.291,0.0882,0.65,,0.0238,0.111,0.433,7.65,4.08,0.00934,,4.83,,0.323,0.956,0.925,0.396,,0.108,7.52,2.72,1.13,0.199,,99.5,3.65,8.3,0.0272,1.54,0.187,0.247,1.9,0.114,0.153,0.373,0.035,2.37,0.0465,0.114,1.7,8.97,3.23,7.25,,0.165,0.717,0.0288,0.0652,0.186,2.04,10.7,,0.159,1.47,0.444,0.767,,1.25,0.0732,0.058,7.05,1.64,16,5.41,0.174,6.21,0.255,0.472,0.184,0.525,5.96,1.03,1.13
1963,0.0861,0.213,1.09,,0.133,2.55,4.16,1.59,9.85,5.36,5.72,0.0158,11,0.0553,0.0216,0.0554,5.25,8.74,8.12,2.05,6.64,0.818,0.374,0.7,0.766,3.49,,,0.0456,12.3,4.93,1.99,0.616,0.187,0.0598,0.117,0.238,1.19,0.054,0.131,0.438,1.83,1.73,12.8,12.8,0.784,0.229,9.14,0.465,0.462,0.421,0.861,,2.02,10.2,0.0167,5.02,0.944,7.18,,0.363,11.3,3.18,0.219,0.187,0.0741,0.0914,0.0949,1.57,0.234,0.374,1.02,1.25,0.317,1.8,0.0719,6.16,0.229,0.308,5.06,1.96,1.12,6.91,3.79,3.43,2.35,1.13,3.69,10,0.306,4.26,0.0539,0.404,,0.787,59.8,0.0741,1.6,0.397,0.398,0.232,,0.21,,5.27,37.6,3.69,0.319,4.17,0.086,,1.74,,3.33,0.032,1.55,0.121,1.33,1.9,0.272,0.123,0.419,0.0818,0.8,,0.0251,0.148,0.473,8.01,4.38,0.0139,5.25,5.08,0.0181,0.323,0.974,1.08,0.428,,0.11,7.83,2.9,1.24,0.204,,92.9,3.75,8.74,0.0116,1.51,0.2,0.258,2.02,0.138,0.123,0.396,0.0452,2.67,0.0505,0.171,1.89,9.24,3.64,7.86,0.0301,0.161,0.839,0.0305,0.0794,0.242,2.09,11,,0.153,4.2,0.618,0.87,,1.36,0.0916,0.0636,7.41,1.71,16.5,5.57,0.215,6.04,0.321,0.864,0.208,0.644,6.33,0.946,1.03
1964,0.101,0.206,1.15,,0.147,2.66,4.28,2.56,10.7,5.23,5.89,0.0118,11.2,0.0571,0.0198,0.0564,5.63,6.55,9.4,2.07,6.98,0.795,0.374,0.676,0.872,3.26,,,0.0537,12.8,5.22,1.98,0.656,0.278,0.054,0.142,0.213,1.22,0.0707,0.111,0.532,1.84,1.98,12.5,12.6,1.05,0.226,9.31,0.399,0.525,0.434,0.908,,2.21,10.6,0.0258,5.54,0.743,7.23,,0.406,11.5,3.31,0.22,0.183,0.0724,0.102,0.106,2.01,0.233,0.406,1.65,1.39,0.32,1.84,0.0714,6.03,0.246,0.333,4.86,2.15,2.31,7.26,5.2,3.67,1.7,1.21,3.93,10.3,0.259,4.38,0.0623,0.237,,0.865,75,0.0754,1.58,0.448,0.586,0.267,,0.239,,5.52,37,3.87,0.299,4.35,0.0966,,1.7,,3.37,0.0356,1.47,0.112,1.35,1.77,0.249,0.164,0.404,0.0842,0.88,,0.0234,0.235,0.378,8.2,4.4,0.0164,5.63,5.21,0.0411,0.331,1.16,1.02,0.452,,0.122,7.88,3.53,1.31,0.253,,85.5,4.06,9.19,0.0147,0.871,0.254,0.46,1.35,0.188,0.113,0.325,0.043,2.72,0.0646,0.17,2.42,8.92,3.73,8.08,0.216,0.157,0.684,0.0321,0.0773,0.234,2.14,11.3,,0.148,5.7,0.541,0.884,,1.38,0.0999,0.0785,7.78,2.05,17,5.7,0.171,6.27,0.348,0.642,0.231,0.686,6.62,1.1,1.17
1965,0.107,0.269,1.31,,0.16,2.81,4.39,5.81,10.4,5.34,6.06,0.015,11.1,0.0424,0.0195,0.0556,5.89,3.38,7.47,2.02,7.3,0.738,0.41,0.75,1.13,4.58,,,0.0504,13,5.34,2.05,0.703,0.283,0.0583,0.135,0.26,1.22,0.0867,0.0922,0.604,1.87,2.12,12.4,12.4,1.13,0.221,10.4,0.418,0.653,0.448,0.85,,2.39,11.1,0.0322,6.44,0.677,7.07,,0.702,11.3,3.44,0.181,0.186,0.0794,0.1,0.0905,2.2,0.309,0.347,1.78,1.46,0.334,1.82,0.0701,6.05,0.227,0.337,5.33,2.5,3.2,7.67,5.31,4.11,1.98,1.25,4.21,10.6,0.272,4.48,0.0712,0.232,,1.01,67.2,0.0962,1.7,0.481,1.46,0.3,,0.234,,5.76,35,4.05,0.374,4.52,0.0979,,1.78,,3.29,0.0338,1.28,0.113,1.34,1.71,0.258,0.177,0.357,0.101,1.01,,0.0337,0.252,0.45,8.36,5.21,0.0171,5.44,5.25,0.0457,0.328,1.22,1.1,0.506,,0.134,7.98,3.7,1.34,0.23,,78.6,4.3,9.64,0.0132,1.28,0.268,0.454,0.351,0.182,0.118,0.396,0.0443,2.68,0.0689,0.166,3.24,8.8,3.68,9.29,0.525,0.153,0.885,0.025,0.101,0.289,2.19,11.6,,0.143,4.41,0.621,0.994,,1.46,0.114,0.0887,8.14,1.98,17.6,5.81,0.211,5.69,0.493,1.01,0.196,0.596,6.45,0.951,1.31
1966,0.123,0.172,1.34,,5.4,2.87,4.47,9.22,10.9,5.4,6.18,0.0146,11.3,0.0523,0.0192,0.0571,6.61,5.12,11.2,2.02,7.56,1.07,0.45,0.751,1.43,3.91,,,0.0537,13.9,5.45,2.07,0.567,0.299,0.0757,0.125,0.265,1.25,0.0849,0.0741,0.516,1.91,2.31,12.4,12.1,0.67,0.325,10.2,0.38,0.636,0.466,0.613,,2.63,11.5,0.0409,6.24,0.729,7.51,,1.83,10.8,3.54,0.184,0.184,0.0774,0.0712,0.088,2.29,0.386,0.384,1.96,1.67,0.352,1.83,0.0588,5.74,0.232,0.331,5.76,2.58,2.06,7.32,5.17,4.47,2.14,1.03,4.86,10.9,0.265,4.54,0.0625,0.455,,1.16,44.1,0.128,1.64,0.47,9.85,0.332,,0.253,,5.96,34,4.19,0.362,4.66,0.139,,1.92,,3.27,0.0392,1.61,0.142,1.36,1.81,0.222,0.189,0.635,0.0843,1.01,,0.0318,0.245,0.492,8.5,5.1,0.0187,7.66,5.05,0.206,0.339,1.22,1.1,0.555,,0.168,8.13,3.97,1.42,0.213,,77.5,4.65,10,0.0118,4.91,0.313,0.179,1.56,0.227,0.0974,0.342,0.0704,2.69,0.0813,0.162,3.84,8.72,3.7,8.76,0.576,0.15,0.803,0.0342,0.107,0.36,2.21,11.8,,0.186,5.01,0.651,1.03,,1.6,0.142,0.0947,8.44,1.78,18.1,5.86,0.209,6.35,0.573,1.07,0.191,0.517,6.56,1.26,1.11
1967,0.115,0.289,1.5,,6.81,2.98,4.48,15.8,11,5.69,6.2,0.0165,12.4,0.0552,0.0189,0.0635,7.08,5.5,10.3,2.13,7.7,0.885,0.507,0.856,1.85,3.64,,,0.105,14.7,5.96,2.24,0.597,0.339,0.0816,0.178,0.36,1.3,0.0831,0.114,0.593,1.91,2.71,12.9,12.7,0.862,0.319,11,0.553,0.663,0.544,0.696,,2.93,11.7,0.0641,7.25,0.793,7.7,,3.47,11,3.58,0.212,0.186,0.0836,0.0916,0.098,2.6,0.425,0.403,1.94,1.68,0.478,1.95,0.0585,5.94,0.254,0.352,6.23,3.05,2.13,7.99,5.16,4.72,2.13,1,5.51,11,0.267,4.53,0.0724,0.669,,1.21,35.5,0.066,1.67,0.662,15.4,0.363,,0.271,,6.07,36.5,4.27,0.367,4.73,0.146,,1.94,,3.44,0.0343,1.98,0.113,1.47,2.06,0.323,0.217,0.798,0.087,1.02,,0.0378,0.124,0.544,8.94,5.54,0.0218,7.52,4.93,0.237,0.379,1.41,1.14,0.658,,0.189,8.59,4.36,1.5,0.251,,76,4.99,10.2,0.0156,5.4,0.295,0,2.71,0.245,0.137,0.362,0.0465,2.86,0.0775,0.209,4.07,9.07,3.94,9.78,0.686,0.147,1,0.0356,0.0999,0.491,2.2,11.8,,0.181,4.34,0.742,1.09,,1.71,0.13,0.111,8.61,1.76,18.6,5.81,0.248,6.13,0.573,0.773,0.213,1.94,6.59,1.17,1.29
1968,0.0865,0.48,1.55,,101,3.29,4.55,19.8,11.4,5.97,6.32,0.0215,12.9,0.0707,0.0219,0.0599,7.85,6.18,10.6,2.19,7.95,1.14,0.581,0.908,2.02,3.95,,,0.105,14.6,6.25,2.34,0.715,0.386,0.09,0.188,0.39,1.34,0.0814,0.139,0.638,2.02,2.76,13.7,13.5,0.563,0.261,12.1,0.607,0.802,0.609,0.584,,2.89,12.1,0.0603,8.24,0.849,8.22,,2.48,11.4,3.68,0.198,0.183,0.106,0.0847,0.145,2.96,0.503,0.417,1.97,2.05,0.446,2.01,0.0686,6.04,0.299,0.351,6.43,2.99,2.36,6.26,5.41,5.08,2.31,1.09,6.32,11.2,0.287,4.59,0.196,0.219,,1.35,38.9,0.122,1.93,0.931,17.4,0.608,,0.354,,6.25,39.1,4.41,0.372,4.85,0.133,,2.05,,3.51,0.0275,2.03,0.121,1.54,2.16,0.368,0.247,0.704,0.0832,0.867,,0.0435,0.221,0.551,9.02,5.78,0.0338,10.2,5.14,0.335,0.357,1.39,1.17,0.657,,0.205,9.06,4.58,1.69,0.216,,71.1,5.5,10.6,0.0161,6.3,0.385,0.119,3.54,0.237,0.403,0.333,0.0476,2.94,0.102,0.202,4.19,9.57,4.06,10.8,0.727,0.143,1.18,0.0452,0.119,0.406,2.22,11.9,,0.133,4.17,0.778,1.14,,1.81,0.137,0.129,8.9,2,19.4,5.85,0.328,6.24,0.64,0.531,0.209,0.767,6.66,1.06,1.32
1969,0.15,0.608,1.74,,65,3.46,4.67,7.2,11.5,6.74,6.51,0.0179,13,0.0969,0.0254,0.0593,7.2,12.2,15.2,2.83,8.29,0.99,0.554,0.984,1.8,63.4,0.0123,,0.115,16,6.55,2.52,0.931,0.44,0.0979,0.136,0.431,1.32,0.128,0.136,0.676,2.14,2.78,15.7,13.1,0.873,0.361,12.6,0.691,1.04,0.705,0.628,,3.45,12.6,0.0582,8.76,1,8.67,,3.53,11.8,3.82,0.3,0.191,0.103,0.0988,0.121,2.79,0.466,0.409,2.24,2.18,0.511,2.62,0.0823,6.75,0.312,0.351,6.67,3.22,2.41,6.8,5.89,5.54,2.66,0.905,7.32,11.6,0.273,4.71,0.168,0.43,,1.67,33.6,0.213,1.72,1.04,15.2,0.635,,0.288,,6.51,40.5,4.6,0.455,5.04,0.148,,2.21,,4.53,0.0339,2.07,0.169,2.01,2.23,0.331,0.374,0.603,0.0966,1.35,,0.0479,0.385,0.583,10.9,7.22,0.0188,10.1,5.04,0.324,0.353,1.45,1.32,0.692,,0.249,9.33,5.1,1.76,0.301,,69.1,5.84,11.1,0.0156,7.76,0.433,0.307,8.79,0.252,0.313,0.389,0.0628,3.81,0.116,0.197,4.38,10.9,5.28,11.5,0.85,0.56,1.05,0.0342,0.13,0.417,2.26,12.2,,0.304,9.52,0.739,1.22,,1.93,0.131,0.154,9.29,2.04,20.7,5.95,0.324,6.54,0.65,0.472,0.205,0.406,6.78,0.902,1.54
1970,0.165,0.564,1.98,,76.3,3.67,4.84,6.61,11.7,6.9,6.77,0.0208,12.6,0.0986,0.0263,0.0551,7.51,13.8,38.7,3.01,8.73,1.15,0.668,1.05,2.02,55.4,0.012,,0.0996,16.2,6.76,2.72,1.03,0.461,0.121,0.144,0.502,1.38,0.125,0.135,0.806,2.21,3.04,16.5,13.2,0.953,0.359,11.5,0.761,1.26,0.676,0.652,,3.75,13.2,0.0633,8.76,1.03,9.06,,4.74,11.9,4.02,0.256,0.193,0.115,0.102,0.221,3.19,0.506,0.422,2.1,2.34,0.475,2.81,0.0847,6.66,0.331,0.362,7.64,3.47,2.81,7.11,5.6,5.78,3.02,0.915,7.49,12.2,0.314,4.88,0.0349,0.564,,1.78,34,0.153,2.25,1.06,9.71,0.662,,0.251,,6.85,38.6,4.84,0.501,5.27,0.152,0.0307,2.38,,4.83,0.0376,2.06,0.183,2.16,2.3,0.391,0.338,0.472,0.104,1.51,,0.0498,0.563,0.607,10.7,6.96,0.0161,13.2,5.25,2.8,0.326,1.66,1.34,0.748,,0.29,9.52,7.26,1.88,0.25,,76.6,6.05,11.7,0.0161,9.8,0.43,0.308,7.86,0.287,0.287,0.401,0.0539,4.07,0.116,0.144,4.65,11.3,5.64,10.4,0.9,0.614,1.35,0.0403,0.144,0.507,2.33,12.6,,0.214,8.48,0.814,1.33,,2.06,0.176,0.149,9.79,2.06,20.6,6.13,0.321,5.33,0.551,0.667,0.252,0.314,7.44,0.877,1.6
1971,0.13,0.721,2.5,,70.9,3.66,4.97,5.83,11.9,7.4,7,0.0205,13.5,0.128,0.0277,0.0527,7.68,16.1,36.5,2.79,9.12,1.24,0.763,1.14,2.08,66.6,0.0116,0.033,0.0903,17.3,6.87,2.79,1.07,0.487,0.125,0.143,0.472,1.4,0.123,0.189,0.907,2.3,3.83,16.5,13.2,1.06,0.358,12,0.983,1.85,0.714,0.706,,4.18,13.8,0.0467,9.49,1.07,9.35,,4.48,11.6,4.2,0.262,0.194,0.134,0.0901,0.304,3.59,0.507,0.456,2.16,2.34,0.533,2.63,0.081,6.66,0.358,0.374,7.38,3.53,2.79,7.07,5.64,6.05,3.25,1.02,7.9,12.6,0.319,5.03,0.016,0.486,,1.8,32.4,0.172,2.34,1.02,6.54,0.724,,0.272,,7.15,39.1,5.05,0.482,5.47,0.185,0.0297,2.42,,4.49,0.04,2.62,0.171,2,2.42,0.349,0.367,0.809,0.11,1.58,,0.053,0.706,0.628,11.9,7.48,0.0213,11.3,5.53,2.69,0.308,1.74,1.28,0.697,,0.435,9.95,5.89,2.08,0.275,,82.6,6.3,12.3,0.0165,11,0.449,0.322,10.3,0.319,0.238,0.434,0.0674,3.78,0.122,0.141,4.74,11.3,5.24,10.4,0.834,0.798,1.14,0.0317,0.18,0.559,2.38,12.9,,0.255,8.51,0.895,1.47,,2.3,0.15,0.139,10.2,2.15,21.4,6.28,0.396,5.17,0.506,0.687,0.249,0.234,7.37,0.91,1.45
1972,0.135,0.751,2.29,,77.6,3.75,5.07,5.19,12.7,7.9,7.17,0.0203,14.3,0.122,0.0284,0.0673,7.94,23.1,43.4,3.29,9.43,1.13,0.722,1.29,1.98,67.2,0.0112,0.0744,0.0852,17,7.35,2.69,1.09,0.493,0.127,0.147,0.843,1.46,0.12,0.23,1.03,2.44,3.95,16.5,13.8,0.943,0.358,11.8,1.22,2.44,0.795,0.645,,4.42,14.3,0.0565,10.6,1.14,9.96,,8.53,11.8,4.35,0.261,0.184,0.123,0.147,0.106,4.2,0.587,0.481,2.47,2.3,0.509,3.13,0.0857,6.99,0.396,0.376,7.54,4.19,2.8,8.23,6.22,6.47,4.22,1.13,8.35,12.9,0.311,5.14,0.0172,0.685,,2.14,26.8,0.177,2.85,0.978,6,0.752,,0.278,,7.39,40.8,5.23,0.565,5.63,0.15,0.0287,2.56,,5.32,0.0428,2.51,0.141,2.35,2.49,0.368,0.374,0.784,0.112,1.51,,0.0673,0.825,0.693,12.3,7.7,0.0328,12.2,6.09,2.62,0.317,1.96,1.35,0.808,,0.45,10.1,6.25,2.24,0.326,,87.7,6.82,12.7,0.017,14.2,0.438,0.333,9.69,0.368,0.185,0.496,0.0752,4.48,0.121,0.185,5.78,11.3,6.2,10.7,0.787,0.842,1.12,0.0413,0.179,0.609,2.41,13,,0.295,9.57,0.892,1.58,,2.54,0.214,0.116,10.6,2.05,22.2,6.37,0.431,5.34,0.538,0.587,0.246,0.42,7.26,0.993,1.58
1973,0.154,0.72,1.84,,67,3.75,5.15,6.8,12.7,7.52,7.31,0.0251,13.9,0.128,0.034,0.0677,8.18,21.5,39.9,3.27,9.73,1.17,0.719,1.37,2.01,52.8,0.0109,0.123,0.0591,17.1,6.56,2.48,1.09,0.53,0.134,0.151,1.09,1.55,0.117,0.244,0.933,2.46,3.01,16.6,13.5,0.947,0.408,10.9,1.28,1.98,0.895,0.692,,4.87,14.7,0.0545,9.93,1.19,9.56,,8.59,11,4.5,0.301,0.19,0.119,0.136,0.193,4.05,0.394,0.489,2.11,2.6,0.509,3.13,0.0944,7.06,0.402,0.38,7.56,4.53,2.73,8.07,6.06,6.52,3.8,1.11,8.24,13.2,0.378,5.23,0.00971,0.607,,2.18,20.1,0.0981,2.8,1.11,3.68,0.677,,0.217,,7.61,41.1,5.4,0.639,5.78,0.162,0.0278,2.67,,5.29,0.0478,2.32,0.156,2.32,2.6,0.318,0.375,0.789,0.105,1.61,,0.0575,1.01,0.717,11.8,6.96,0.0324,14,6.17,2.77,0.33,1.78,1.42,0.76,,0.518,10.3,6.38,2.29,0.349,,68.3,7.03,13.1,0.0173,14,0.444,0.386,9.87,0.354,0.175,0.486,0.0908,4.45,0.123,0.226,4.43,11.3,6.17,9.77,0.643,0.947,1.33,0.0376,0.166,0.587,2.44,13.2,,0.251,10.1,0.976,1.59,,2.43,0.15,0.114,10.9,2.01,21.2,6.44,0.349,5.86,0.4,0.644,0.22,0.339,7.2,0.879,1.49
1974,0.168,0.628,1.91,,56.7,3.67,5.3,11.3,12.8,7.1,7.56,0.0208,12.5,0.136,0.0357,0.0694,8.35,21.6,43.7,3.37,10.2,1.32,0.811,1.4,2.31,43.8,0.0105,0.252,0.0524,17.2,6.17,2.17,1.23,0.622,0.156,0.141,0.716,1.49,0.128,0.285,0.973,2.86,3.07,17.3,12.7,0.883,0.407,11,1.23,1.93,1.05,0.806,,5.05,15.3,0.0371,9.76,1.08,8.5,,8.29,10.8,4.7,0.275,0.188,0.183,0.148,0.244,4.29,0.515,0.547,2.45,2.62,0.529,3.25,0.0949,7.16,0.413,0.403,7.03,4.26,2.84,7.4,5.93,6.18,4.04,1.21,7.73,13.7,0.366,5.4,0.00972,0.599,,2.31,16.5,0.0829,2.43,0.928,4.38,0.702,,0.21,,7.94,33.6,5.64,0.624,6.01,0.224,0.0538,2.76,,5.47,0.0526,2.07,0.15,2.39,2.74,0.284,0.383,0.662,0.108,1.6,,0.0644,0.748,0.687,11.2,7.65,0.0262,14.3,5.93,8.23,0.347,2.1,1.42,0.787,,0.488,11,6.62,2.32,0.3,,66.7,7.48,13.7,0.0403,11.2,0.32,0.523,10.9,0.303,0.173,0.507,0.129,4.6,0.0896,0.221,5.62,11.7,6.37,9.86,0.675,0.985,1.48,0.0448,0.129,0.576,2.49,13.5,,0.374,9.52,0.98,1.67,,2.64,0.144,0.105,11.4,2.11,20.1,6.6,0.345,4.84,0.447,0.551,0.388,0.32,7.35,0.825,1.32
1975,0.153,0.451,2.01,,62.2,3.8,5.4,6.47,12.5,7.62,7.73,0.0233,13.3,0.0778,0.0333,0.0776,8.32,23.2,33.5,3.44,10.5,1.3,0.895,1.41,2.15,35.8,0.0102,0.772,0.0643,17.1,6.39,2.24,1.26,0.59,0.142,0.145,0.781,1.54,0.152,0.27,0.97,2.85,3.79,17.8,13.9,0.797,0.404,11.8,1.2,2.29,1.13,0.875,,5.46,15.8,0.0355,10.8,0.823,9.57,,8.63,10.7,4.86,0.238,0.195,0.177,0.124,0.251,4.68,0.521,0.501,2.32,2.89,0.546,3.34,0.13,7.56,0.462,0.412,6.99,4.64,4.04,7.73,5.76,6.59,3.54,1.39,7.99,14.1,0.326,5.5,0.00984,0.59,,2.6,17,0.0722,2.28,0.897,6.5,0.759,,0.2,,8.19,33.3,5.83,0.634,6.18,0.128,0.0783,3,,5.57,0.0516,2.36,0.156,2.44,2.89,0.245,0.377,0.683,0.105,1.92,,0.0625,0.847,0.768,12.3,8.3,0.0206,14.1,6.2,8.98,0.331,2.02,1.42,0.827,,0.489,11.6,6.65,2.4,0.36,,59.8,7.98,14.2,0.0594,13,0.274,0.35,13.1,0.311,0.145,0.52,0.112,4.7,0.0774,0.343,5.58,12,6.51,10.7,0.647,1.32,1.76,0.0439,0.131,0.663,2.51,13.6,,0.329,15.5,1.01,1.83,,3.35,0.17,0.0896,11.8,2.07,20.9,6.66,0.341,4.22,0.28,0.427,0.313,0.368,7.47,0.787,1.67
1976,0.181,0.469,2.27,,52.7,3.78,5.48,7.49,13.3,7.34,7.86,0.0257,12.9,0.0865,0.039,0.0788,8.62,24.6,49.3,3.32,10.7,1.45,0.857,1.44,2.37,36.6,0.0198,0.976,0.0629,17.3,6.5,2.11,1.36,0.577,0.198,0.143,0.295,1.56,0.146,0.295,1.18,3.04,4.06,18.2,13.4,0.714,0.35,12.1,1.04,2.38,1.01,0.938,,5.32,16.2,0.0312,10.6,1.28,9.06,,9.33,10.8,5,0.288,0.195,0.197,0.133,0.257,5.05,0.528,0.563,2.49,3.19,0.596,3.24,0.133,7.82,0.601,0.426,7.27,4.71,3.5,8.56,5.7,6.36,3.58,1.45,8.13,14.4,0.344,5.58,0.0101,0.388,,2.9,14.9,0.0737,2.07,0.87,7,0.618,,0.204,,8.4,30.6,6,0.682,6.33,0.106,0.101,3.06,,5.34,0.0617,2.47,0.161,2.35,3.18,0.252,0.395,0.696,0.111,1.77,,0.0667,0.752,0.95,11.8,8.26,0.024,15.4,6.51,8.7,0.343,1.88,1.43,0.841,,0.479,12.1,6.77,2.4,0.393,,54.4,8.07,14.6,0.0575,14.4,0.268,0.432,12.2,0.388,0.162,0.526,0.166,4.52,0.0765,0.333,5.31,12.3,6.26,10.4,0.641,1.35,1.82,0.0465,0.183,0.723,2.53,13.7,,0.325,15.6,1.14,1.97,,3.58,0.119,0.0708,12.1,1.98,21.2,6.7,0.338,4.56,0.3,0.483,0.527,0.415,7.55,0.707,1.38
1977,0.162,0.694,2.52,,53.6,3.79,5.57,7.92,14.2,7.51,8,0.026,13.8,0.103,0.0533,0.0794,9.2,24,32.8,3.67,11,1.56,0.94,1.53,2.52,52.7,0.0287,1,0.0703,17.4,6.7,2.06,1.5,0.656,0.246,0.141,0.192,1.62,0.102,0.756,1.29,3.15,4.23,18.3,13.7,0.655,0.346,12,0.981,3.45,1.37,0.952,,5.39,16.7,0.0403,10.9,1.16,9.49,,10.9,10.8,5.14,0.279,0.192,0.234,0.133,0.291,5.08,0.576,0.594,2.67,3.41,0.591,3.6,0.139,8.24,0.669,0.422,7.16,4.51,3.28,8.57,5.93,6.64,4.33,1.62,7.79,14.7,0.349,5.67,0.00736,0.382,,3.07,17.1,0.0729,2.12,0.864,7.11,0.865,,0.237,,8.64,32.9,6.19,0.685,6.49,0.124,0.148,3.45,,5.89,0.0579,2.86,0.157,2.61,3.6,0.26,0.401,0.673,0.113,1.77,,0.0738,0.697,0.854,12.2,8.07,0.023,15.1,5.77,7.55,0.356,1.51,1.34,0.834,,0.495,12.4,6.36,2.37,0.483,,54.8,8.69,15,0.0602,13.3,0.233,0.494,14.2,0.29,0.22,0.538,0.104,5.01,0.0674,0.363,6.68,12.3,6.92,9.61,0.8,1.21,1.82,0.0448,0.138,0.77,2.54,13.8,,0.401,14.5,1.23,1.83,,4.09,0.126,0.0597,12.5,1.99,21.7,6.74,0.372,4.78,0.296,0.536,0.691,0.419,7.45,0.635,1.34
1978,0.167,0.682,2.89,,39.3,4.03,5.52,6.57,14.2,8.06,7.94,0.0272,14.2,0.101,0.061,0.0854,8.92,23.7,33.6,3.96,11.1,1.48,0.867,1.59,2.39,39.7,0.0557,1.09,0.048,18.3,6.35,2.2,1.51,0.706,0.217,0.146,0.202,1.68,0.074,0.891,1.2,3.23,4.48,17.7,14.3,1.08,0.44,12.3,1.2,2.44,1.56,1.02,,5.43,16.7,0.0535,11.4,1.35,9.89,,9.53,11.5,5.15,0.245,0.198,0.238,0.142,0.258,5.34,0.538,0.659,1.96,3.34,0.54,3.9,0.136,8.02,0.661,0.433,8.21,4.4,3.99,8.77,5.76,6.86,4,1.64,8.16,14.7,0.318,5.6,0.00433,0.439,,3.55,13.6,0.0697,2.23,1.08,8.38,1.29,,0.258,,8.65,33.6,6.21,0.817,6.49,0.134,0.191,3.64,,6.32,0.0616,2.75,0.152,2.81,3.82,0.232,0.404,0.693,0.105,2.03,,0.0824,0.984,0.539,13.3,8.54,0.0349,14.9,5.27,7.07,0.373,1.65,1.3,0.826,,0.517,12.5,6.4,2.57,0.429,,70,8.72,15,0.0597,15.1,0.233,0.531,15.2,0.494,0.205,0.527,0.0828,5.39,0.0681,0.353,6.39,11.8,7.45,10.2,0.787,1.86,2.61,0.0456,0.523,0.789,2.49,13.6,,0.437,15.6,1.41,1.75,,4.29,0.115,0.0558,12.5,2.16,21.5,6.61,0.294,5.18,0.306,0.554,0.616,0.42,7.87,0.636,1.32
1979,0.132,0.64,1.93,,36.1,3.89,5.65,2.31,15.1,6.84,8.13,0.0353,13.7,0.137,0.0634,0.0955,8.7,21.9,37.9,3.85,11.4,1.32,0.836,1.54,2.67,35.5,0.0541,1.1,0.0483,18.2,6.45,2.2,1.46,0.694,0.451,0.132,0.228,1.64,0.155,0.426,1.03,3.18,4.76,17.9,14.1,0.97,0.487,11.8,1.11,3.46,1.68,1.04,,5.68,17.2,0.0518,12.2,1.25,9.4,,9.13,10.3,5.31,0.231,0.198,0.247,0.188,0.235,5.29,0.535,0.617,2.29,3.41,0.556,3.82,0.132,8.07,0.644,0.447,7.77,3.12,3.32,8.16,5.67,6.86,3.91,1.98,8.03,15.1,0.375,5.71,0.0427,0.495,,3.55,18,0.0574,2.28,1.1,8.33,0.965,,0.226,,8.92,30.5,6.43,0.797,6.69,0.185,0.278,3.96,,6.14,0.0552,3.09,0.161,2.74,4.06,0.275,0.409,0.611,0.113,2.03,,0.0953,0.927,0.62,12.5,7.81,0.0361,16.1,5.56,5.24,0.409,1.57,1.37,0.779,,0.512,13,6.53,2.75,0.467,,58.5,8.68,15.5,0.0961,17.5,0.236,0.598,13,0.445,0.18,0.462,0.13,5.25,0.0694,0.421,6.6,11.9,7.23,8.63,0.792,1.44,2.32,0.0463,0.292,0.844,2.51,13.8,,0.434,15.6,1.49,1.71,,4.65,0.101,0.0504,12.9,2,20.6,6.69,0.365,5.97,0.309,0.539,0.637,0.418,8,0.603,1.3
1980,0.15,0.61,2.68,,33.6,3.6,5.46,1.72,15.6,7.35,7.85,0.037,12.5,0.109,0.0798,0.0965,9,22.8,13,4.15,11.1,1.24,0.84,1.38,2.71,7.35,0.0614,1.08,0.0599,17.4,6.17,2.1,1.42,0.461,0.599,0.139,0.257,1.61,0.15,0.114,0.911,3.3,4.49,17.6,13.4,0.802,0.487,10.1,1.03,2.34,2.03,1.15,,5.43,16.8,0.0517,10.7,1.66,8.42,,8.82,9.98,5.18,0.267,0.199,0.24,0.18,0.264,5.16,0.648,0.529,2.3,3.75,0.478,4.13,0.132,8.05,0.665,0.472,7.62,2.8,2.27,7.58,5.58,6.65,3.38,2.37,7.81,14.7,0.38,5.49,0.0445,0.488,1.28,3.62,17.5,0.0452,2.25,1.01,8.57,0.798,,0.262,,8.71,26.1,6.29,0.773,6.5,0.114,0.291,4.09,,6.63,0.0546,3.42,0.161,2.94,3.82,0.208,0.4,0.555,0.0939,2.19,,0.111,0.873,0.636,11.5,7.8,0.0295,15.8,5.24,4.93,0.425,1.64,1.34,0.71,,0.527,11.4,6.46,2.75,0.423,,51.8,8.7,15.1,0.113,17,0.222,0.572,10.9,0.569,0.2,0.39,0.0422,5.67,0.0653,0.45,5.64,11.6,7.77,8.34,0.717,1.47,2.87,0.0453,0.251,0.783,2.4,13.2,,0.51,15.7,1.5,1.76,,4.1,0.11,0.0411,12.6,1.83,19.6,6.39,0.361,5.89,0.319,0.433,0.656,0.514,8.77,0.555,1.23
1981,0.163,0.518,2.62,,31.6,3.59,5.48,4.75,15.6,7.05,7.87,0.036,11.9,0.122,0.0804,0.102,10.1,25.5,10.3,3.78,11.2,1.14,0.747,1.35,2.54,10.2,0.0769,1.14,0.0612,16.6,5.79,1.74,1.53,0.634,0.69,0.11,0.713,1.63,0.146,0.125,0.821,3.47,4.57,17.5,13,0.904,0.538,10.5,1.04,1.92,2.29,1.24,,5.46,17,0.0399,8.9,1.25,8.06,,8.57,9.76,5.24,0.26,0.194,0.238,0.176,0.258,5.26,0.669,0.472,1.8,3.88,0.449,3.77,0.138,8.1,0.684,0.475,7.41,3.29,2.11,6.83,6.22,6.48,2.78,2.44,7.51,14.8,0.261,5.48,0.0488,0.422,1.54,3.63,14,0.0464,2.2,0.301,8.79,0.94,,0.288,,8.81,24.5,6.39,0.812,6.55,0.11,0.281,4.28,,6.05,0.0495,3.9,0.156,2.67,3.78,0.207,0.541,0.508,0.0901,2.12,,0.118,0.845,0.611,9.35,7.56,0.0282,15.6,5.73,4.45,0.446,1.58,1.28,0.697,,0.517,11.6,6.5,2.94,0.405,,44.5,8.56,15.3,0.111,14.4,0.225,0.514,11.8,0.491,0.156,0.37,0.109,5.16,0.0665,0.479,5.19,11.4,7.04,7.48,0.693,1.24,2.54,0.0435,0.28,0.765,2.37,13.1,,0.47,16.4,1.41,1.87,,4.05,0.109,0.0413,12.8,1.64,18.4,6.35,0.394,5.82,0.323,0.423,0.722,0.695,9.31,0.561,1.1
1982,0.201,0.55,2.68,,28.7,3.59,5.49,1.37,14.8,6.8,7.86,0.0457,10.2,0.109,0.0809,0.0951,10.1,20.8,8.96,4.03,11.3,1.11,0.722,1.28,2.69,12.8,0.0667,1.03,0.0609,16.2,6.3,1.74,1.59,0.494,0.694,0.141,0.589,1.72,0.142,0.122,0.806,3.08,4.54,17.5,13,0.885,0.542,9.81,1.27,2.49,2.26,1.22,,5.3,17.2,0.0481,8.53,1.04,7.76,,7.03,9.7,5.28,0.303,0.184,0.23,0.172,0.202,5.56,0.649,0.403,1.6,4.08,0.492,4.04,0.147,8.35,0.666,0.503,7.4,3.42,2.6,6.54,6.08,6.32,2.84,2.73,7.32,14.8,0.249,5.44,0.0511,0.356,1.21,3.8,13.7,0.0515,2.65,0.344,8.35,0.838,,0.309,,8.88,22.9,6.45,0.827,6.58,0.0685,0.291,3.82,,6.47,0.0553,2.93,0.158,2.84,3.83,0.157,0.558,0.599,0.0849,2.57,,0.147,0.752,0.563,9.57,7.79,0.0306,15.3,5.6,5.53,0.464,1.64,1.08,0.686,,0.519,11.5,6.85,3.02,0.406,,36.4,8.74,15.4,0.122,13.8,0.222,0.429,13.5,0.562,0.19,0.393,0.141,5.52,0.0658,0.544,3.79,11.4,7.49,7,0.416,1.44,2.8,0.0425,0.206,0.84,2.33,13,,0.509,14.3,1.62,1.91,,4.4,0.108,0.0451,12.9,1.28,18.4,6.28,0.463,5.65,0.331,0.443,0.718,0.709,9.43,0.503,1.26
1983,0.231,0.519,2.69,,35.7,3.58,5.46,2.37,15.3,7.13,7.8,0.0476,10.6,0.117,0.0618,0.103,9.71,22.6,8.07,4.2,11.3,1.07,0.666,1.27,2.93,8.79,0.114,1.01,0.0607,16.7,6.12,1.82,1.7,0.539,0.621,0.135,0.571,1.66,0.138,0.276,0.744,3.24,4.64,18.1,13.3,0.867,0.596,9.95,1.17,3.26,2.4,1.33,,5.13,17.2,0.042,8.63,0.825,7.41,,7.43,9.4,5.28,0.207,0.184,0.237,0.19,0.243,5.68,0.633,0.423,1.81,4.27,0.473,4.24,0.146,8.55,0.697,0.504,7.31,3.3,2.62,7.58,5.93,6.42,2.23,2.96,7.74,14.7,0.222,5.38,0.0551,0.351,1.22,4.07,17.1,0.0511,2.55,0.33,7.55,0.915,,0.242,,8.9,24.7,6.48,0.809,6.57,0.0887,0.321,3.73,,6.8,0.0566,3.98,0.176,2.96,3.44,0.12,0.504,0.622,0.0795,2.29,,0.148,0.853,0.507,9.99,8.23,0.0426,15,5.97,5.63,0.477,1.32,1.07,0.584,,0.515,11.7,7.25,2.9,0.418,,36.1,8.22,15.4,0.107,12.5,0.192,0.524,12.6,0.544,0.166,0.326,0.108,5.78,0.0573,0.499,4.26,11.7,7.81,6.88,0.494,1.43,3.19,0.0436,0.221,0.892,2.28,12.8,,0.508,15.2,1.61,1.97,,4.42,0.112,0.0413,13,1.15,18.8,6.18,0.636,5.52,0.294,0.433,0.714,0.771,9.92,0.419,1.15
1984,0.294,0.47,2.65,,36.4,3.32,5.79,4.04,15.4,7.15,8.28,0.0486,10.5,0.17,0.0617,0.112,9.94,24.3,6.44,4.25,12.2,1.16,0.666,1.33,3.31,11.6,0.134,1.08,0.0635,16.4,6.19,1.74,1.82,0.705,0.643,0.121,0.621,1.61,0.134,0.271,0.82,3.21,4.47,17.9,13.5,0.844,0.651,11.8,1.12,3.24,2.14,1.3,,5.17,18.4,0.0443,10.1,0.806,7.29,,7.62,9.93,5.64,0.258,0.182,0.228,0.198,0.187,6,0.624,0.425,1.84,4.33,0.442,4.3,0.147,8.14,0.738,0.541,7.62,3.38,2.84,6.72,6.1,6.49,2.16,2.91,7.49,15.7,0.187,5.68,0.0542,0.344,1.23,4.38,16.8,0.0557,2.93,0.334,8.01,1.02,,0.242,,9.51,25.2,6.94,0.793,7.01,0.105,0.348,3.79,,6.91,0.0518,3.46,0.176,3,4.69,0.089,0.369,0.697,0.0762,2.33,,0.144,0.834,0.532,10.1,7.83,0.0401,14.7,6.69,5.76,0.508,1.18,0.984,0.514,,0.521,12,7.65,2.73,0.421,,33.4,8.41,16.5,0.1,13.2,0.216,0.41,12.3,0.555,0.174,0.398,0.129,5.85,0.065,0.524,4.33,11.5,7.89,7.47,0.629,2.15,2.76,0.0353,0.202,0.928,2.38,13.5,,0.508,17.7,1.62,2.15,,4.35,0.108,0.0425,14,1.09,18.7,6.5,0.632,5.84,0.346,0.931,0.711,0.896,9.92,0.395,1.15
1985,0.267,0.449,2.65,,32.5,3.39,5.71,4.04,15.1,7.05,8.16,0.048,10.3,0.151,0.0606,0.122,10.2,25.4,5.91,4.39,12.1,1.21,0.597,1.43,3.57,9.96,0.115,0.961,0.0621,15.5,6.53,1.77,1.88,0.541,0.192,0.109,0.503,1.6,0.12,0.185,0.918,3.28,5.07,18,13.5,0.831,0.657,11.5,1.23,3.3,1.64,1.47,,4.87,18.3,0.0524,10.8,0.833,6.98,,5.83,10.1,5.6,0.23,0.177,0.204,0.205,0.219,5.82,0.659,0.435,1.37,4.75,0.415,4.47,0.128,7.92,0.726,0.568,8.13,3,2.97,7.29,6.43,6.38,1.93,3.04,7.45,15.6,0.198,5.59,0.0544,0.28,1.41,4.43,19.2,0.0551,2.81,0.335,8.49,1.03,,0.223,,9.47,24.8,6.9,0.821,6.97,0.11,0.411,3.79,,7.19,0.0478,4.25,0.175,3.12,4.86,0.0764,0.204,0.781,0.0716,2.5,,0.126,0.854,0.59,9.87,8.41,0.0405,18.6,6.98,6.3,0.516,1.21,1.08,0.521,,0.493,12.1,8.19,3.05,0.438,,33.4,8.71,16.4,0.0928,14.8,0.219,0.396,12.6,0.552,0.172,0.394,0.137,6.08,0.0665,0.478,4.7,11.5,8.16,7.4,0.633,2.36,2.83,0.0356,0.252,0.93,2.31,13.2,,0.507,14.7,1.6,2.31,,4.78,0.102,0.0466,14,1.05,18.5,6.35,0.627,6.15,0.33,0.441,0.708,0.825,9.88,0.401,1.42
1986,0.269,0.542,2.38,,31,3.68,5.59,4.46,15.8,7.52,7.99,0.0496,10.3,0.114,0.0635,0.123,10.2,25.5,5.85,4.25,12,1.3,0.623,1.46,3.65,14,0.208,1.07,0.0984,16.3,6.18,1.77,1.96,0.688,0.172,0.121,0.608,1.61,0.127,0.251,0.945,3.28,5.79,17.8,13.2,0.793,0.664,11.4,1.44,3.53,1.58,1.44,,4.87,18,0.059,11.6,0.654,6.8,,4.59,10.1,5.51,0.241,0.171,0.216,0.213,0.259,6.23,0.738,0.454,1.73,5.14,0.473,4.35,0.136,8.04,0.722,0.593,8.6,3.1,3.21,7.47,6.5,6.67,2.27,3.04,7.34,15.3,0.238,5.45,0.0532,0.327,1.34,4.63,16.2,0.0545,2.88,0.353,7.88,1.12,,0.242,,9.34,23.8,6.81,0.857,6.89,0.121,0.397,3.87,,7.01,0.0444,5.26,0.126,3.04,5.16,0.0765,1.73,0.904,0.0665,2.48,,0.136,0.671,0.622,10.3,8,0.0489,17.8,7.31,5.81,0.54,1.37,1.24,0.568,,0.544,12.4,9.04,3.15,0.483,,27.2,9.09,16.2,0.0902,13.2,0.167,0.353,11.5,0.562,0.123,0.477,0.145,5.9,0.0515,0.466,4.61,11.3,7.89,7.09,0.583,2.88,3.17,0.0366,0.266,1.04,2.23,12.8,,0.583,14.7,1.52,2.52,,4.91,0.103,0.0493,13.9,1.16,19.1,6.17,0.727,6.07,0.365,0.35,0.706,0.836,9.59,0.363,1.59
1987,0.246,0.457,2.29,,29.6,3.83,5.65,4.63,15.9,6.92,8.07,0.044,10,0.115,0.0663,0.137,9.73,26.1,6.22,4.35,12.2,1.39,0.652,1.45,3.65,23.4,0.216,1.08,0.0858,17,6.21,2.07,2.07,0.794,0.195,0.123,0.67,1.64,0.132,0.225,0.982,3.41,5.7,17.5,13.2,0.659,0.772,10.8,1.42,3.43,1.76,1.39,,5.06,18.3,0.059,10.5,0.761,6.68,,4.81,10,5.6,0.245,0.172,0.21,0.232,0.269,6.64,0.972,0.461,1.87,5.27,0.529,4.47,0.149,7.49,0.759,0.627,8.52,3.3,4.04,7.37,7.01,6.77,1.9,2.82,7.98,15.6,0.212,5.48,0.0535,0.318,1.62,5.29,16.1,0.0529,2.74,0.379,8.57,1.24,,0.205,,9.52,24.4,6.93,0.885,7.02,0.117,0.454,3.79,,7.22,0.0469,5.66,0.102,3.14,5.5,0.0789,1.65,0.824,0.0622,2.52,,0.131,0.78,0.561,9.86,8.54,0.0542,17.4,7.64,6.27,0.569,1.23,1.18,0.638,,0.5,11.8,10.2,3.29,0.536,,26.8,9.08,16.5,0.0978,13.4,0.235,0.383,12.5,0.535,0.11,0.474,0.143,6.06,0.0736,0.421,4.82,11.1,8.13,6.79,0.564,2.83,3.13,0.0118,0.269,1.21,2.22,12.9,,0.737,13.2,1.57,2.4,,5.58,0.096,0.0534,14.2,1.56,19.8,6.19,0.62,6.2,0.354,0.474,0.704,0.891,9.77,0.41,1.63
1988,0.233,0.43,2.76,,31.4,3.64,5.48,4.61,16.6,6.99,7.76,0.0504,10.7,0.127,0.0957,0.133,9.72,24.4,7.73,4.34,11.9,1.64,0.74,1.45,3.81,25.2,0.119,1.15,0.0908,17,5.98,2.45,2.06,0.719,0.664,0.13,0.653,1.63,0.128,0.244,0.966,3.38,5.9,16.7,12.8,0.689,0.83,9.52,1.47,3.18,2.02,1.31,,5.75,17.9,0.0604,10.5,0.864,6.97,,6.24,10.2,5.44,0.23,0.169,0.196,0.242,0.289,7.22,1.06,0.463,1.59,5.34,0.558,4.45,0.148,7.3,0.739,0.674,8.57,3.47,4.25,7.51,7.25,7.1,2.8,2.67,8.24,15.1,0.222,5.27,0.0519,0.311,1.64,5.56,17.1,0.0558,2.83,0.313,8.57,1.22,,0.202,,9.26,26.2,6.75,0.94,6.83,0.0822,0.576,4.38,,7.19,0.0502,6.05,0.109,3.14,4.89,0.0809,1.42,1.01,0.0616,2.86,,0.134,0.454,0.36,10.9,8.16,0.0485,17,7.58,5.74,0.578,1.04,1.01,0.645,,0.452,11.2,10.7,4.13,0.541,,31,9.11,16.1,0.0941,13,0.176,0.502,14.2,0.532,0.0879,0.49,0.134,6.01,0.0568,0.41,4.67,10.5,8.05,6.53,0.546,3.35,2.84,0.0178,0.278,1.4,2.1,12.2,,0.735,13.3,1.63,2.6,,6.01,0.0886,0.0478,13.9,1.57,19.8,5.9,0.719,5.67,0.261,0.437,0.747,0.889,9.49,0.329,1.59
1989,0.21,0.43,1.68,7.47,28.3,3.43,5.12,4.52,16.4,8.08,7.14,0.0384,12.1,0.137,0.0662,0.137,8.66,25,7.18,4.36,10.3,1.66,0.835,1.39,4.1,23.9,0.242,2.1,0.0706,16.8,6.64,2.48,2.06,0.401,0.0532,0.123,0.501,1.72,0.151,0.282,0.934,3.09,6.08,15.9,13.3,0.547,0.833,10.4,1.28,2.98,1.63,1.34,,5.9,23.7,0.0624,11.4,1.11,7.08,,4.73,10.5,5.09,0.257,0.158,0.207,0.177,0.149,8.16,1.1,0.537,1.53,4.74,0.514,4.89,0.141,7.08,0.829,0.707,9.38,3.72,2.82,8.78,8.06,7.71,3.11,2.94,9.31,16.3,0.24,4.85,0.141,0.304,2.64,5.77,18.1,0.121,2.81,0.226,8.24,1.17,6.92,0.221,0.865,9.69,31.1,7.33,0.93,6.36,0.0802,0.772,3.78,,7.16,0.0501,5.37,0.103,3.12,4.53,0.0782,0.42,1.39,0.0786,3.16,,0.0751,0.408,0.49,10.9,8.32,0.0406,13.1,7.5,6.2,0.631,1.11,0.95,0.669,,0.467,9.94,6.04,4.62,0.506,0.41,24.7,7.22,17.1,0.0719,11.4,0.237,0.417,14.7,0.47,0.113,0.47,0.101,5.93,0.0792,0.4,4.29,11.7,7.53,6.71,1.17,2.13,2.98,0.0633,0.258,1.58,1.92,11.1,,0.81,13.9,1.59,2.81,0.823,5.89,0.0838,0.044,13.7,1.28,20.3,5.39,0.751,6.21,0.312,0.45,0.631,0.814,8.51,0.3,1.49
1990,0.183,0.414,1.31,7.18,29.3,3.54,5.37,4.22,16.3,8.49,6.93,0.0428,12.3,0.154,0.0693,0.14,6.98,23.3,7.07,3.16,9.56,2.13,0.853,1.43,4.59,19.9,0.33,1.99,0.0713,16.2,6.87,2.31,2.13,0.349,0.00465,0.0873,0.519,1.68,0.156,0.286,1.03,2.71,6.57,14.4,12.8,0.556,0.834,12.5,1.37,2.99,1.57,1.35,,6.13,22,0.0597,11,0.902,7.5,,4.64,10.6,3.98,0.277,0.157,0.199,0.176,0.152,8.09,1.14,0.523,1.51,4.91,0.52,3.61,0.136,6.74,0.979,0.737,9.57,3.92,2.53,8.23,7.88,7.7,3.18,2.64,9.37,15.7,0.192,4.21,0.141,0.299,2.63,6.05,7.35,0.125,2.78,0.182,9.39,1.2,7.08,0.236,0.878,10.3,32.3,6.72,0.964,5.12,0.0846,0.67,3.86,,5.08,0.0503,5.79,0.0988,2.21,5.47,0.0762,0.416,1.42,0.0818,3.69,0.715,0.0688,0.43,0.466,11.3,7.93,0.0553,12.8,7.59,6.13,0.61,1.28,0.896,0.686,,0.459,9.84,5.69,4.77,0.486,0.403,36.2,5.97,16.2,0.0667,16,0.214,0.436,14.5,0.457,0.126,0.591,0.0972,4.16,0.0752,0.391,4.9,10.1,6.98,6.69,1.04,2.41,3.3,0.0625,0.272,1.72,1.69,9.39,,1,13.8,1.82,2.88,0.814,6.32,0.0866,0.0437,12.3,1.45,19.9,5.4,0.783,5.73,0.306,0.438,0.648,0.743,8.65,0.289,1.49
1991,0.0954,0.408,0.775,6.91,28.2,3.61,1.7,4.1,16.4,7.72,7.52,0.0381,12.2,0.162,0.0678,0.143,6.57,20.8,6.96,3.55,8.87,1.83,0.925,1.42,3.71,19,0.385,2.04,0.0731,16.5,6.78,2.35,2.2,0.3,0.218,0.0753,0.628,1.79,0.151,0.299,1.14,1.96,6.9,14,12.1,0.549,0.832,11.3,1.46,2.96,2.07,1.36,,6.33,16.1,0.0572,10.8,0.995,7.28,0.977,4.91,10.3,2.88,0.234,0.158,0.193,0.176,0.148,8.16,1.21,0.61,1.4,5.62,0.578,3.49,0.121,6.03,1.09,0.769,9.48,3.86,3.2,8.71,8.86,7.66,3.14,3.02,9.42,14.3,0.213,2.49,0.14,0.343,2.7,6.44,15.5,0.132,3.16,0.194,7.97,1.06,7.01,0.288,0.891,5.75,31.2,5.38,0.994,4.8,0.0798,0.978,3.82,1.56,5.55,0.0507,6.27,0.114,2.4,4.9,0.0726,0.423,1.58,0.0811,3.92,0.759,0.0618,0.462,0.544,11.3,8.1,0.0648,12.1,8.03,6,0.633,1.64,0.885,0.743,12.5,0.453,9.55,4.92,5.18,0.581,0.401,54.5,5.6,13.2,0.0715,16.5,0.184,0.429,15.1,0.433,0.104,0.613,0.0932,4.51,0.0688,0.383,4.83,9.2,6.99,6.61,0.964,2.37,3.23,0.064,0.261,1.87,1.33,8.21,,0.73,15.5,1.73,2.94,0.805,6.67,0.0808,0.0432,11.5,1.63,20.2,5.2,0.781,5.14,0.301,0.402,0.665,0.763,7.8,0.287,1.55
1992,0.0844,0.44,0.731,6.74,30.2,3.46,0.766,4.13,16.4,7.71,6.39,0.0392,12,0.197,0.0656,0.146,6.72,27.3,6.49,3.09,7.66,1.91,1.07,1.46,4.17,17.6,0.325,2.29,0.0734,16.4,6.35,2.46,2.33,0.384,0.224,0.0686,0.599,1.81,0.155,0.301,1.15,1.84,7.05,13.4,11.9,0.545,0.88,11.7,1.55,2.97,2.2,1.54,,6.1,12.8,0.0562,11.1,0.986,6.9,0.953,4.83,10.1,1.91,0.268,0.158,0.197,0.176,0.151,8,1.23,0.562,1.39,5.87,0.519,3.61,0.092,6.14,1.15,0.78,9.5,3.95,3.33,9.23,8.98,7.53,3.22,2.8,9.34,12.7,0.238,1.9,0.139,0.387,2.76,7.27,27.7,0.132,3.19,0.215,8.15,1.61,7.18,0.278,0.898,4.45,31.2,4.58,1.06,3.63,0.0794,0.816,3.82,1.69,5.13,0.0506,6.26,0.124,2.09,4.1,0.0749,0.422,1.62,0.0906,4.66,0.894,0.068,0.437,0.512,11.2,8.4,0.0718,11.1,7.78,6.39,0.66,1.48,1,0.735,12.2,0.443,9.54,4.46,5.02,0.64,0.391,61.8,5.29,12.5,0.0771,17.7,0.122,0.43,15.4,0.421,0.105,0.725,0.0874,3.89,0.0486,0.375,4.77,8.69,7.16,6.56,0.801,2.48,3.34,0.0614,0.266,2.08,0.924,6.87,,0.883,14.4,1.86,3.02,0.798,7.24,0.087,0.0418,9.95,1.4,20.4,5.3,0.95,5.9,0.314,0.39,0.658,0.633,8.1,0.285,1.47
1993,0.0752,0.286,0.612,6.49,31.7,3.55,0.827,3.98,16.5,7.71,5.46,0.0398,12.3,0.214,0.0658,0.156,6.61,26.9,6.34,0.815,6.37,1.85,1.15,1.5,2.8,16.2,0.379,2.11,0.0749,16.7,6.16,2.67,2.45,0.301,0.215,0.0423,0.813,1.87,0.151,0.302,1.5,1.97,7.18,12.8,11.6,0.53,0.929,12.4,1.61,3.06,1.21,1.39,0.319,6.4,13.7,0.0398,12.1,0.966,6.79,0.968,4.14,9.97,1.19,0.308,0.159,0.191,0.172,0.161,8.12,1.44,0.664,1.83,5.18,0.594,3.49,0.0241,5.98,1.15,0.809,9.76,4.35,3.64,8.92,9.31,7.43,3.27,3.01,9.75,10.7,0.238,1.36,0.142,0.383,2.91,7.69,33.3,0.134,3.27,0.212,9.02,1.77,6.62,0.301,0.9,4.32,28.7,4.05,1.09,2.85,0.0954,0.797,3.9,1.68,5.2,0.0501,6.65,0.143,2.03,3.48,0.0708,0.424,1.46,0.0929,4.66,0.988,0.0633,0.332,0.553,11.2,8.78,0.0809,10.5,7.7,7.01,0.699,1.6,0.97,0.794,11.8,0.431,9.4,4.02,5.07,0.73,0.387,60.6,5.28,11.1,0.0777,16.9,0.162,0.454,18,0.399,0.111,0.812,0.0853,3.76,0.0676,0.368,4.7,8.18,7.34,6.8,1.19,2.67,3.31,0.06,0.244,2.29,0.414,8.13,,0.958,13.9,1.76,2.91,0.792,7.45,0.0717,0.036,8.2,1.26,20.5,4.84,1.12,6.04,0.354,0.38,0.674,0.629,8.36,0.27,1.57
1994,0.068,0.786,0.67,6.66,29,3.67,1.07,4,17,8.05,4.29,0.0398,12.4,0.216,0.0619,0.183,6.88,26.3,6.22,0.889,5.76,1.82,1.29,1.58,3.03,16.1,0.442,2.07,0.0728,17,6.21,2.86,2.63,0.431,0.236,0.0506,0.575,1.62,0.154,0.313,1.36,2.35,6.88,12.7,11.6,0.524,1.13,11.8,2.02,3.31,1.98,1.52,0.359,6.72,12.7,0.044,11.4,0.973,6.88,0.989,4.25,9.79,0.461,0.303,0.16,0.192,0.168,0.17,8.1,1.5,0.681,1.92,5.14,0.671,3.67,0.113,5.96,1.15,0.843,9.98,4.42,3.68,9.22,9.47,7.9,3.62,2.88,9.82,10.3,0.267,0.989,0.145,0.377,3.05,8.26,34,0.138,3.48,0.208,9.24,2.1,6.62,0.319,0.9,4.14,22.5,3.63,1.1,2.63,0.0955,0.981,3.62,1.74,5.39,0.0492,6.58,0.157,2.14,3.44,0.0717,0.439,1.62,0.0922,5.86,0.996,0.0592,0.31,0.593,11.2,8.87,0.112,10,7.63,7.14,0.676,1.07,0.975,0.86,11.5,0.397,9.43,3.72,5.44,0.825,0.361,61.8,5.53,10.9,0.0778,12.6,0.162,0.395,11.9,0.398,0.0869,0.889,0.0785,3.96,0.07,0.362,4.67,8.24,7.67,6.7,1.15,2.58,2.87,0.0602,0.278,2.64,0.424,8.07,,0.993,13.5,1.71,3.1,0.789,7.76,0.0822,0.0458,7.67,1.41,20.5,4.53,1.19,6.06,0.381,0.393,0.69,0.695,8.74,0.236,1.32
1995,0.0619,0.725,0.651,7.06,28.7,3.82,0.819,4.18,17.2,8.45,3.98,0.0399,12.7,0.202,0.068,0.183,7,27,6.09,1.13,5.9,1.44,1.26,1.71,3.09,15.6,0.527,1.83,0.0709,17.3,6.27,3.27,2.73,0.501,0.257,0.0541,0.614,1.61,0.158,0.362,1.29,2.46,7.14,13,11.8,0.518,1.03,14.3,2.16,3.31,2.05,1.47,0.392,6.39,13.4,0.0475,12.5,1.04,7.13,0.982,4.27,10.1,0.837,0.313,0.166,0.189,0.165,0.249,8.23,1.52,0.618,2,4.68,0.663,3.83,0.129,6.12,1.28,0.895,10.3,4.4,3.34,9.34,9.58,7.79,3.79,2.92,9.89,9.54,0.32,1.22,0.146,0.372,3.11,8.78,30.7,0.152,3.53,0.201,8.7,2.17,6.57,0.38,0.899,4.35,22.3,3.7,1.11,2.71,0.0965,1.12,3.72,1.74,5.9,0.0502,6.41,0.162,2.51,3.47,0.0684,0.448,1.71,0.0903,5.9,1.04,0.0654,0.333,0.601,11.7,9.53,0.111,9.62,7.89,6.66,0.735,1.64,0.978,0.859,11.3,0.412,9.78,3.24,5.15,0.761,0.378,61.7,5.71,10.7,0.0774,13.6,0.163,0.411,13.6,0.387,0.0986,0.777,0.074,4.65,0.0707,0.356,4.65,8.2,8.01,7.13,1.02,3.02,2.87,0.0602,0.291,2.89,0.483,7.14,,0.8,16.3,1.79,3.36,0.787,8.09,0.0831,0.0495,6.95,1.67,21,4.57,1.22,5.47,0.448,0.491,0.728,0.681,8.62,0.197,1.29
1996,0.0561,0.494,0.498,7.24,27.4,3.86,1.04,4.3,17.5,8.41,3.76,0.0407,12.1,0.191,0.0753,0.193,6.78,29.1,5.32,2.24,6.25,1.75,1.37,1.78,3.32,15.8,0.683,1.82,0.0724,17.6,6.09,3.75,2.71,0.464,0.22,0.0428,0.817,1.71,0.161,0.363,1.32,2.23,7.1,12.7,11.5,0.527,1.14,12.4,2.22,2.93,1.52,1.66,0.35,6.68,13.1,0.0491,12.2,0.988,6.98,1.01,4.19,9.65,0.94,0.347,0.168,0.186,0.178,0.567,8.61,1.66,0.69,2.1,4.84,0.676,4.1,0.168,6,1.39,0.915,10.6,4.23,3.18,9.6,9.86,7.89,3.9,2.91,9.82,9.1,0.276,1.19,0.135,0.366,3.34,9.27,32,0.157,4.13,0.195,8.74,2.02,6.87,0.407,0.9,4.21,20.4,3.53,1.12,1.7,0.113,1.25,3.9,1.74,5.32,0.0524,6.47,0.165,2.7,3.29,0.0714,0.443,1.73,0.0924,5.74,1.04,0.0635,0.362,0.645,11.2,9.49,0.122,9.65,8.35,6.78,0.716,1.96,1.08,0.96,11,0.473,9.55,2.92,5.43,0.827,0.301,69.9,5.44,9.99,0.0751,11.1,0.194,0.349,15.5,0.376,0.0922,0.943,0.0679,5.04,0.0835,0.351,4.64,8.22,8.18,6.55,1.25,4.35,2.99,0.0601,0.196,2.95,0.362,7.02,,1.02,14.6,1.78,3.51,0.786,8.66,0.0906,0.0503,6.79,1.69,21,4.53,1.22,5.85,0.575,0.482,0.746,0.709,8.98,0.245,1.23
1997,0.0522,0.474,0.563,7.66,28.7,3.87,1.09,4.36,18,8.35,3.97,0.0403,12.7,0.185,0.0783,0.189,6.54,30,6.57,2.83,5.96,1.61,1.35,1.82,4.09,16.2,0.651,2.12,0.0717,17.8,6.3,3.8,2.57,0.423,0.213,0.0369,0.263,1.7,0.171,0.382,1.38,2.21,7.28,12.1,11.4,0.501,1.1,11.6,2.22,3.53,1.83,1.84,0.266,6.86,12,0.0504,11.5,0.952,7.29,1.08,4.24,9.71,1.08,0.341,0.174,0.195,0.149,0.328,9,1.73,0.777,2.2,6.07,0.737,4.3,0.151,5.97,1.05,0.916,11,4.79,3.26,9.58,9.84,8.11,3.72,2.89,9.49,8.9,0.327,1.24,0.167,0.36,3.48,7.8,28.2,0.16,4.41,0.192,8.7,1.92,7.1,0.417,0.903,4.47,18.1,3.41,1.11,1.52,0.116,1.12,4.05,1.82,6.27,0.0743,6.42,0.176,2.85,3.27,0.0662,0.429,1.86,0.0874,5.17,1.05,0.0662,0.325,0.691,11.2,9.5,0.0965,9.37,7.91,7.24,0.718,2.02,1.08,0.915,10.8,0.513,8.79,2.61,5.85,0.859,0.488,58.6,4.79,9.9,0.0692,10.5,0.165,0.357,12.5,0.366,0.0904,0.989,0.0623,5.36,0.0691,0.346,4.58,8.16,8.04,6.62,1.24,5.47,3.19,0.0595,0.279,2.59,0.414,7.26,,0.907,15.1,1.87,3.46,0.786,9.11,0.0778,0.0557,6.61,1.72,20.9,4.95,1.5,7.17,0.596,0.453,0.764,0.734,8.64,0.231,1.2
1998,0.0402,0.576,0.956,7.98,26.2,4.02,0.988,4.42,18.3,8.17,3.55,0.0404,12.2,0.232,0.0811,0.2,5.74,28.3,6.65,2.76,5.75,1.46,1.26,1.84,4.3,11.7,0.642,1.96,0.0742,18.1,6.25,4.02,2.54,0.371,0.199,0.0287,0.27,1.41,0.173,0.436,1.4,2.27,7.43,11.3,11,0.487,1.16,11,2.21,3,1.72,1.85,0.275,7.4,11.2,0.0481,11.4,0.962,7.19,1.02,4,9.55,0.968,0.339,0.178,0.215,0.165,0.838,8.89,1.9,0.774,2.24,6.53,0.73,4.52,0.158,6.04,1.17,0.96,11.4,5.86,3.15,10.2,9.41,8.2,3.79,2.84,9.76,7.2,0.323,0.957,0.16,0.354,3.7,8.48,27.6,0.162,4.39,0.145,8.4,2.15,6.92,0.457,0.904,3.8,18.9,3.2,1.14,1.11,0.119,1.54,4.01,1.75,5.79,0.0755,6.49,0.194,1.97,3.17,0.0677,0.428,2.06,0.0849,4.78,0.944,0.0625,0.332,0.722,10.8,9.61,0.136,8.77,8.25,9.12,0.718,1.89,1.12,0.894,10.5,0.428,8.53,2.82,6.57,0.84,0.438,54.9,4.07,10.1,0.067,11.2,0.175,0.377,12.6,0.384,0.0846,0.957,0.0575,3.74,0.0715,0.341,4.56,8,7.72,6.3,1.25,6.38,3.24,0.0592,0.387,2.67,0.411,8.43,,1.13,17.8,1.89,3.34,0.785,9.41,0.0753,0.0563,6.06,2.02,20.9,5.01,1.53,7.27,0.591,0.465,0.782,0.812,8.46,0.175,1.33
1999,0.037,0.581,0.966,8.02,35.7,3.85,1.14,4.54,18.5,8.22,3.64,0.0425,12.3,0.229,0.0889,0.208,5.66,28.3,6.55,3.66,5.62,1.6,1.31,1.86,4.24,13.8,0.646,2.3,0.0735,18.7,6.11,3.79,2.6,0.393,0.216,0.019,0.335,1.42,0.189,0.505,1.36,2.33,7.56,12.4,11.1,0.511,1.47,10.2,2.31,2.82,1.62,2.04,0.264,7.62,11,0.0524,11,1.03,7.06,1.16,3.8,9.63,1.03,0.317,0.181,0.209,0.122,0.756,9.3,1.85,0.839,2.16,6.1,0.751,4.45,0.159,5.73,1.26,0.975,12,5.63,3.05,10.5,10,8.3,3.89,2.97,9.93,8.95,0.323,0.936,0.163,0.391,3.91,9.41,26.1,0.18,4.03,0.148,8.74,2.22,6.54,0.54,0.911,3.37,20,2.97,1.17,0.851,0.119,1.61,4.01,1.95,5.93,0.076,6.42,0.215,2.48,3.13,0.0747,0.424,2.27,0.0776,5.46,0.915,0.0612,0.645,0.735,10.8,9.46,0.127,8.16,8.38,9.5,0.741,1.89,1.14,0.928,10.9,0.456,8.26,3.02,6.43,0.678,0.515,58.4,4.31,10.1,0.0656,14.4,0.185,0.389,12.1,0.373,0.0848,0.964,0.0541,4.74,0.0744,0.335,4.66,7.64,7.78,6.16,1.19,7.06,3.08,0.0584,0.271,2.71,0.359,8.3,,0.973,18.8,2.03,3.64,0.781,10.1,0.0768,0.0593,5.85,1.59,21.3,4.91,1.36,6.28,0.655,0.456,0.82,0.832,8.42,0.172,1.16
2000,0.0376,0.571,1.03,7.79,30.5,3.58,1.16,4.51,18.6,8.69,3.52,0.0315,12.2,0.253,0.0831,0.239,6.17,20.2,6.18,3.53,5.67,1.75,0.999,1.88,4.36,12.9,0.612,2.3,0.066,18.3,6.28,3.39,2.64,0.439,0.209,0.0159,0.238,1.39,0.185,0.539,1.41,2.27,7.3,12.4,11.3,0.5,1.58,10.4,2.28,2.67,1.78,1.77,0.264,7.57,11.3,0.0626,12,1.29,7.09,1.57,3.8,9.75,0.87,0.341,0.186,0.221,0.123,6.86,9.47,1.88,0.859,2.14,5.68,0.831,4.73,0.181,5.91,1.39,0.964,12.4,5.95,3.5,10.1,10.4,8.38,3.96,2.99,9.8,8.57,0.281,0.779,0.181,0.342,3.95,9.41,27.4,0.196,4.11,0.152,8.78,2.2,6.4,0.547,0.922,3.6,21,3.17,1.29,0.905,0.107,1.61,4.1,2,5.87,0.0745,6.13,0.184,2.72,3.26,0.0853,0.434,2.4,0.0693,5.7,1.11,0.0555,0.692,0.763,11.1,9.71,0.133,7.89,8.83,8.77,0.734,2.25,1.01,0.883,11.2,0.537,8.17,3.1,6.36,0.681,0.408,67.1,4.57,10.3,0.0634,14,0.208,0.417,12.1,0.372,0.108,0.989,0.0547,5.24,0.0823,0.355,4.96,8.03,8.25,6.26,1.13,7.7,2.87,0.0579,0.229,2.87,0.362,8.33,,0.894,20.7,2.1,3.33,0.774,10.1,0.0885,0.0602,6.28,1.51,20.7,4.9,1.67,6.98,0.738,0.465,0.836,0.895,8.16,0.176,1.05
2001,0.0471,0.72,1.2,7.59,24.1,3.3,1.01,4.73,18.7,8.87,3.58,0.0317,12.2,0.282,0.0815,0.242,5.87,21.6,6.27,3.77,5.72,1.65,1.18,1.83,4.39,12.3,0.653,2.33,0.0646,18.3,6.02,3.48,2.9,0.404,0.203,0.0171,0.174,1.36,0.18,0.621,1.52,2.32,7.37,12.1,11.1,0.535,1.47,10.3,2.42,2.81,1.88,1.76,0.242,7.95,11,0.0632,12.5,1.08,6.96,1.34,3.53,9.45,0.788,0.357,0.189,0.214,0.123,9.65,9.4,1.98,0.879,2.12,5.9,0.865,4.99,0.206,5.83,1.42,0.959,11.8,5.92,3.47,10.5,9.62,8.36,3.79,3.09,10,9.76,0.232,0.986,0.175,0.462,4.38,9.67,27.2,0.212,3.89,0.144,8.59,1.82,6.5,0.575,0.939,3.66,22.6,3.22,1.29,0.971,0.0735,2.02,4.05,2.1,5.34,0.0739,6.08,0.192,2.88,3.38,0.0821,0.45,2.4,0.0723,5.64,0.951,0.057,0.734,0.765,11,9.46,0.105,7.62,8.75,10.8,0.756,1.85,0.995,0.863,10.8,0.572,7.97,2.94,6.71,0.698,0.342,63.6,4.66,10.3,0.0617,14.9,0.259,0.423,11.5,0.362,0.108,1.02,0.0617,5.58,0.101,0.398,3.24,7.79,8.32,6.35,1.11,6.41,2.25,0.0565,0.255,3,0.292,8.66,0.175,1.04,22.4,2.08,3.39,1.15,10.6,0.0988,0.06,6.17,1.37,20.7,5.03,1.73,7.69,0.843,0.435,0.831,0.844,7.73,0.179,0.996
2002,0.0509,0.496,1.38,7.32,28.5,3.54,1.15,5.09,18.9,9.52,3.67,0.0233,12.3,0.31,0.085,0.248,6.47,21.6,6.28,3.82,5.91,1.61,1.24,1.75,4.54,12.7,0.576,2.21,0.0605,18.7,6.15,3.47,3.39,0.292,0.22,0.0202,0.269,1.38,0.226,0.685,1.57,2.26,7.64,12.5,11.1,0.555,1.67,11.3,2.4,2.82,2,2.01,0.273,7.91,12.5,0.0675,13.9,1.27,7.02,1.34,3.5,9.6,0.882,0.359,0.194,0.207,0.151,11.2,9.73,2.08,0.836,2.1,6.43,0.938,5.31,0.192,6.11,1.44,0.983,11.5,6.08,3.54,10.4,9.95,8.53,3.94,3.13,10.1,10.8,0.19,1.07,0.185,0.495,4.33,9.59,27.6,0.218,4.23,0.152,8.69,2.24,6.72,0.57,0.957,3.69,23.4,3.35,1.26,1.06,0.0973,1.67,4.25,1.99,5.51,0.0716,6.56,0.203,3.07,3.25,0.0961,0.452,2.53,0.0754,6.37,0.997,0.0596,0.759,0.82,11.1,9.71,0.112,6.61,9.05,13.4,0.768,1.89,0.954,0.846,10.7,0.634,8.32,2.98,6.19,0.716,0.372,60.6,4.85,10.6,0.0594,14.6,0.281,0.456,7.54,0.361,0.109,1.07,0.0605,6,0.109,0.439,3.16,7.85,8.2,6.39,1.03,6.41,3.08,0.0794,0.339,3.15,0.316,9.57,0.17,1.18,24.9,2.11,3.58,1.13,10.8,0.102,0.0607,6.46,1.36,20.7,4.91,1.83,7.5,0.928,0.424,0.868,0.901,8.66,0.185,0.886
2003,0.0368,0.998,1.34,7.36,27.5,4.08,1.23,5.25,19.3,9.49,3.8,0.0278,12.3,0.32,0.0845,0.263,6.4,21.6,6.19,4.11,6.32,1.42,1.22,1.81,4.62,13.6,0.455,2.21,0.0593,18.4,6.18,3.69,3.88,0.409,0.223,0.0217,0.271,1.3,0.239,0.723,1.61,2.21,7.74,12.5,10.9,0.528,2.03,10.2,2.02,2.69,2.12,2.01,0.281,8.17,12.7,0.0695,13.2,1.64,6.99,1.34,3.44,9.58,1.01,0.336,0.198,0.216,0.154,9.85,9.76,1.97,0.874,2.18,6.17,0.995,5.23,0.217,5.98,1.52,1.01,11.4,6.42,4.32,10.7,9.18,8.54,3.88,3.35,10,11.2,0.209,1.15,0.187,0.527,4.59,9.88,28.7,0.226,3.77,0.174,8.76,2.2,6.66,0.627,0.989,3.9,26.2,3.4,1.44,1.11,0.101,2.14,4.2,2.15,5.44,0.072,6.31,0.255,3.32,3.44,0.0937,0.472,2.54,0.0742,6.82,1.03,0.0616,0.73,0.817,11.1,9.72,0.104,6.66,8.82,11.3,0.83,1.75,1.14,0.86,10.9,0.706,8.43,3.02,6.43,0.709,0.627,56.7,4.83,10.6,0.0594,17.1,0.347,0.462,6.82,0.352,0.102,1.04,0.0586,6.52,0.132,0.477,3.16,7.95,8.37,6.28,1.01,8.43,2.83,0.0769,0.319,3.36,0.383,9.88,0.181,1.1,25.9,2.19,3.65,1.11,11.1,0.113,0.0627,6.58,1.68,20.9,4.82,2.03,5.82,1.06,0.287,0.842,0.955,9.5,0.182,0.785
2004,0.0515,0.979,1.38,7.3,25,4.15,1.47,5.27,19.2,9.63,4.02,0.0209,11.9,0.297,0.0837,0.271,6.59,22.3,5.63,4.26,6.5,1.49,1.31,1.84,4.78,13.3,0.583,2.28,0.0581,17.9,6.2,3.77,4.34,0.409,0.203,0.0264,0.268,1.41,0.228,0.95,1.56,2.3,7.79,12.3,10.6,0.529,2.03,9.51,2.02,3.21,2.17,2.19,0.27,8.37,12.6,0.065,10.9,1.32,6.99,1.14,3.5,9.46,1.19,0.312,0.2,0.211,0.158,10,10.2,2.07,0.925,1.93,6.47,0.996,5.35,0.223,6,1.52,1.06,11.6,6.65,4.2,10.1,8.66,8.49,3.78,3.55,10.1,11.9,0.228,1.09,0.209,0.636,4.23,9.44,31.4,0.233,3.55,0.204,8.92,2.24,6.6,0.611,1.01,4.22,26.5,3.47,1.5,1.19,0.0942,1.88,4.38,2.06,5.47,0.0718,6.42,0.236,2.84,3.4,0.0865,0.475,2.7,0.0718,7.08,1.19,0.052,0.762,0.786,10.9,9.5,0.119,6.33,9.1,11.7,0.841,2.03,1.32,0.849,11.1,0.675,8.41,3.14,6.62,0.65,0.767,58.6,4.8,10.8,0.0583,16.6,0.324,0.5,7.12,0.343,0.0818,1.04,0.0569,5.62,0.121,0.489,3.18,7.94,8.5,5.96,1,7.78,2.72,0.0759,0.307,3.43,0.357,10.2,0.177,1.13,29.4,2.21,3.89,1.1,11.3,0.14,0.0761,6.68,1.73,20.8,4.43,2.03,6.2,1.13,0.28,0.898,0.985,8.69,0.189,0.887
2005,0.0622,1.1,1.27,6.75,23,4.45,1.49,5.36,19.1,9.31,4.54,0.0246,11.7,0.452,0.0982,0.296,6.8,20.3,5.37,4.62,6.82,1.52,1.59,1.82,4.84,12.8,0.568,2.25,0.0605,17.6,6.09,3.91,4.77,0.363,0.206,0.0275,0.296,1.44,0.258,1.01,1.6,2.34,7.84,12.3,10.8,0.517,2.02,10.9,2.11,2.98,2.03,2.29,0.187,8.04,12.2,0.0678,13,1.45,6.77,1.15,2.9,9.33,1.46,0.41,0.203,0.221,0.157,10.4,10.1,2.2,0.91,1.73,6.17,0.978,5.4,0.223,5.96,1.51,1.11,11.3,7.15,3.58,10.5,9.31,8.36,4.15,3.43,9.88,13.3,0.248,1.06,0.223,0.7,4.26,9.53,30.9,0.3,3.11,0.202,8.95,2.22,6.61,0.599,1.02,4.36,25.7,3.74,1.54,1.21,0.0883,2.32,4.43,2.17,5.3,0.0819,6.41,0.259,3.34,3.68,0.0909,0.457,2.96,0.0708,6.83,1.18,0.0486,0.687,0.802,10.5,9.53,0.0971,4.48,8.96,15.1,0.877,2.17,1.01,0.758,11.6,0.648,8.76,3.17,6.15,0.662,0.619,61.8,4.95,11.2,0.0569,17.6,0.347,0.389,7,0.343,0.106,1.11,0.0552,6.66,0.127,0.522,3.44,7.9,8.57,5.9,0.995,8.19,2.77,0.0757,0.261,3.46,0.381,10.3,0.177,1.26,32.7,2.22,4.1,0.725,10.9,0.149,0.0865,7.14,1.99,20.3,4.47,2.03,6.32,1.17,0.222,0.912,1.02,9.22,0.183,0.853
2006,0.0838,1.2,1.29,6.52,21.6,4.39,1.74,5.59,19.2,8.96,3.49,0.0238,11.3,0.511,0.112,0.299,7.35,25.9,5.33,4.65,6.78,1.59,1.27,1.88,4.89,22.2,0.56,2.26,0.0603,18.1,5.76,4.28,5.1,0.341,0.305,0.029,0.31,1.41,0.16,1.07,1.79,2.29,8.01,12.4,10.5,0.574,2.59,10,2.22,3.18,2.21,2.38,0.187,8.09,14.9,0.0724,12.6,1.37,6.56,1.26,2.78,9.1,1.53,0.419,0.207,0.215,0.164,9.57,10.3,2.27,0.887,2.09,6.38,1.1,5.72,0.249,5.85,1.62,1.18,11,7.2,2.2,11.5,9.18,8.16,3.48,3.43,10.1,13.6,0.247,1.26,0.253,0.608,4.53,10.1,29.9,0.308,2.89,0.181,8.26,2.3,5.71,0.613,1.04,4.84,23.9,3.93,1.61,1.21,0.0918,2.33,4.4,2.22,4.6,0.0951,6.58,0.258,3.32,4.66,0.101,0.512,2.99,0.0727,6.85,1.18,0.0489,0.645,0.815,10.5,9.81,0.0978,4.47,8.65,16.4,0.929,2.09,1.22,0.792,13.2,0.899,8.76,2.63,5.9,0.674,0.619,51.7,5.09,11.2,0.0585,15.4,0.399,0.413,4.35,0.365,0.0863,1.12,0.0549,6.56,0.142,0.507,3.44,7.6,8.59,5.76,1.03,7.12,3.31,0.079,0.256,3.49,0.454,11.5,0.177,1.11,34.7,2.3,4.5,1.08,11.9,0.14,0.0956,7.26,1.79,20.4,4.39,2.1,5.92,1.18,0.451,0.947,0.974,9.47,0.149,0.803
2007,0.152,1.18,1.46,6.43,21.7,4.7,1.92,5.63,19,8.85,4.02,0.0235,11.2,0.49,0.118,0.314,7.18,26.7,6.87,5.32,7.03,1.42,1.34,1.98,5.76,23.7,0.597,2.35,0.0592,17.3,5.87,4.24,5.45,0.336,0.282,0.03,0.323,1.52,0.162,0.976,1.77,2.47,8.03,11.8,10.5,0.611,2.33,9.33,2.14,3.14,2.29,2.45,0.131,7.29,13.3,0.0775,11,1.04,6.42,1.06,2.74,8.77,1.28,0.379,0.205,0.217,0.157,7.47,10.1,2.4,0.778,2.09,6.22,1.06,5.44,0.245,5.75,1.77,1.29,10.7,7.42,3.25,12.2,9.69,7.94,3.57,3.16,9.59,13.4,0.249,1.44,0.274,0.668,4.49,10.3,31,0.352,3.66,0.148,9.14,2.33,6.19,0.6,1.07,4.7,23.1,3.78,1.68,1.26,0.0935,2.46,4.45,2.29,4.55,0.11,6.74,0.195,4.2,4.57,0.0979,0.538,3.04,0.0793,7.44,1.63,0.0527,0.631,0.771,10.6,9.52,0.127,4.45,8.79,15.3,0.906,2.08,1.43,0.851,11,0.688,8.58,2.9,5.67,0.704,0.532,44.8,5.05,11.4,0.0555,16.7,0.413,0.395,7.57,0.357,0.0873,1.05,0.0528,5.71,0.142,0.493,3.75,7.67,9.01,5.49,1.06,7.66,3.24,0.083,0.251,3.43,0.4,11.5,0.191,1.17,33.7,2.34,4.4,1.07,11.3,0.142,0.1,7.06,2.46,19.5,4.47,2.1,6.5,1.31,0.424,0.98,1.01,9.94,0.164,0.624
2008,0.238,1.23,1.47,6.12,20.9,4.42,1.51,5.88,18.8,8.1,3.57,0.0227,9.93,0.504,0.121,0.337,6.12,23.7,4.59,5.5,6.57,1.86,1.38,1.86,5.69,20.2,0.543,1.98,0.0583,16.1,5.65,3.91,5.7,0.275,0.334,0.0272,0.416,1.62,0.196,1.08,1.7,2.5,7.68,11,9.76,0.554,2.28,8.84,2.07,3.4,2.4,2.5,0.159,6.37,10.9,0.0761,10.5,0.913,6.12,1.42,2.69,7.87,1.49,0.31,0.212,0.219,0.158,7.52,9.53,2.39,0.8,2.09,6.01,0.943,5.04,0.228,5.21,1.88,1.41,9.38,7.51,3.57,11.8,8.89,7.06,2.73,3.1,9.05,13,0.293,1.26,0.324,0.545,4.6,10.3,30.8,0.434,4.36,0.127,9.33,2.24,5.75,0.644,1.11,4.05,21.5,3.48,1.65,1.11,0.0853,2.5,4.24,2.35,4.2,0.122,6.15,0.202,2.7,4.89,0.107,0.578,2.98,0.0775,7.11,1.47,0.0608,0.486,0.774,10.2,9.1,0.156,4.06,8.05,14.1,0.885,2.35,1.78,0.828,10.8,0.713,8.23,2.19,5.39,0.736,0.528,41.5,4.25,10.7,0.0571,17.5,0.42,0.352,11.8,0.349,0.0853,1.03,0.051,5.09,0.142,0.521,3.82,6.98,8.03,5.06,1.01,5.78,2.91,0.0815,0.439,3.64,0.33,10,0.212,1.27,33.9,2.31,4.43,1.06,10.7,0.132,0.103,6.04,2.37,17.9,3.8,2.88,6.43,1.41,0.526,1.01,1.08,9.96,0.182,0.441
2009,0.29,1.24,1.56,6.12,18.3,4.57,1.48,5.96,18.4,8.6,3.39,0.0355,10.4,0.537,0.131,0.366,6.44,23.5,6.73,5.71,6.79,1.67,1.49,2.1,5.19,20.8,0.678,2.28,0.0602,16.3,5.77,4.18,6.22,0.296,0.328,0.0304,0.459,1.69,0.234,1.13,1.62,3.02,7.25,11.2,10.3,0.615,2.43,8.86,2.12,3.28,2.39,2.4,0.157,6.04,14.3,0.0724,12,1.4,6.2,0.998,2.94,8.07,1.52,0.392,0.244,0.241,0.157,7.31,8.95,2.45,0.759,2.29,5.76,0.954,4.87,0.211,5.26,1.77,1.38,9.16,7.65,3.73,11.3,9.3,7.19,2.54,2.84,9.46,14.5,0.28,1.17,0.352,0.57,4.49,11.4,29.9,0.48,4.04,0.196,9.87,2.32,5.31,0.645,1.14,4.39,22.1,4.04,1.74,1.18,0.0917,2.56,4.07,2.41,4.15,0.131,6.12,0.259,3.88,5.09,0.112,0.561,3.14,0.0707,7.68,1.46,0.0711,0.713,0.768,10.9,9.47,0.181,4.4,8.01,15.4,0.925,2.49,1.97,0.883,11.6,0.638,8.71,2.04,5,0.804,0.502,38.8,4.11,11.3,0.0572,18.9,0.417,0.575,11.4,0.354,0.0897,1.02,0.0508,5.09,0.14,0.549,4.53,7.13,8.02,5.63,0.995,4.86,2.84,0.0834,0.405,3.82,0.334,11.2,0.215,1.13,36,2.55,4.35,0.697,11.4,0.154,0.116,6.43,1.88,18.5,3.64,2.03,6.67,1.55,0.512,1.01,1,9.16,0.189,0.607
2010,0.406,1.25,1.79,5.87,18.9,4.61,1.73,5.75,18,8.3,3.61,0.047,9.48,0.517,0.133,0.379,7.2,22.4,5.01,6.5,6.68,1.82,1.57,2.18,5.36,24.3,0.964,2,0.0631,16.4,5.19,4.53,6.83,0.302,0.295,0.0366,0.51,1.67,0.192,1.23,1.56,2.6,6.89,10.9,10,0.554,2.17,7.93,2.17,3.27,2.35,2.53,0.174,6.04,14.4,0.0765,10.5,1.24,5.78,1.13,2.92,7.34,1.91,0.443,0.249,0.242,0.157,9.52,8.74,2.37,0.752,2.37,6.16,1.02,4.8,0.207,5.09,2.07,1.45,8.28,7.76,4.41,10.8,9.17,6.95,2.72,2.77,9.85,13.8,0.3,1.37,0.351,0.525,4.67,11.8,27.3,0.499,3.9,0.212,6.29,2.32,4.87,0.73,1.16,4.57,21.4,3.73,1.73,1.21,0.109,2.59,4.19,2.47,4.49,0.139,6.26,0.296,3.85,7.74,0.129,0.587,3.13,0.0762,7.6,1.28,0.0773,0.8,0.815,10.1,9.2,0.195,4.01,7.77,16.4,0.917,2.69,1.67,0.877,12.2,0.7,8.7,1.47,4.9,0.821,0.542,39.2,4.42,11.6,0.0629,17.6,0.396,0.6,8.88,0.339,0.113,1.05,0.0495,5.47,0.133,0.556,3.36,7.04,7.98,5.17,1,3.55,2.67,0.0664,0.38,3.76,0.301,12,0.221,0.991,35.1,2.38,4.63,0.69,11.5,0.171,0.122,6.76,2.27,17.9,3.9,1.83,5.9,1.63,0.544,1.08,0.849,9.16,0.199,0.737
2011,0.345,1.35,1.69,5.92,23.8,4.6,1.99,5.8,17.8,7.95,3.79,0.0411,9.17,0.477,0.158,0.402,6.59,21,5.24,6.15,6.77,1.41,1.79,2.31,5.15,23.8,1.1,2.49,0.0661,16.3,5.28,4.58,6.97,0.387,0.274,0.0342,0.653,1.73,0.198,1,1.53,2.62,6.36,10.5,10.1,0.553,2.33,7.11,2.17,3.43,2.06,2.49,0.19,5.93,13.6,0.0874,9.47,1.2,5.76,1.19,2.88,7.56,2.03,0.551,0.228,0.239,0.158,6.77,8.49,2.53,0.758,2.64,6.07,1.04,4.45,0.214,4.75,2.12,1.56,8.29,7.96,4.8,10.7,9.83,6.56,2.58,2.95,10.2,14,0.271,1.78,0.361,0.483,4.41,11.7,29.9,0.528,4.04,0.233,8.34,2.3,5.07,0.77,1.19,4.65,20.5,3.64,1.78,1.17,0.123,2.8,4.24,2.39,4.25,0.144,6.58,0.232,3.54,12.4,0.12,0.629,3.17,0.0737,7.43,1.53,0.0986,0.701,0.76,9.89,8.99,0.205,3.98,8.06,16.8,0.889,2.59,1.84,0.91,12.3,0.653,8.52,1.52,4.75,0.806,0.519,42.5,4.28,11.7,0.0682,19.3,0.393,0.55,9.31,0.33,0.128,1.04,0.0479,4.89,0.132,0.603,4.16,6.65,7.69,4.86,1.15,4.55,2.14,0.0707,0.327,3.99,0.369,12.3,0.259,1.04,33.7,2.43,4.74,1.02,11,0.196,0.112,6.69,2.55,17.1,3.91,2.33,6.51,1.51,0.456,1.05,0.747,8.77,0.241,0.587
2012,0.28,1.28,1.69,5.9,23.7,4.56,1.91,5.73,17.1,7.97,3.74,0.0419,9.11,0.488,0.168,0.405,5.84,23.7,7.82,6.16,6.85,1.49,1.79,2.46,5.06,18.9,1.2,2.75,0.0643,16.4,5.33,4.65,7.04,0.432,0.22,0.0496,0.695,1.98,0.237,0.975,1.59,2.46,5.72,10.1,10.3,0.629,2.38,7.41,2.09,3.48,2.59,2.37,0.191,5.37,14.9,0.104,9.52,1.52,5.75,1.28,2.9,7.36,1.98,0.533,0.194,0.22,0.156,7.15,7.62,2.81,0.807,2.55,6.26,1.05,4.32,0.221,4.46,1.63,1.56,8.06,7.97,4.94,10.7,8.41,6.06,2.78,2.8,10.3,14.1,0.281,1.69,0.365,0.476,4.44,11.8,26.8,0.613,3.76,0.207,8.87,2.29,5.22,0.711,1.19,4.36,19,3.61,1.74,1.2,0.137,2.63,4.13,2.45,3.79,0.161,5.73,0.25,3.44,15.1,0.159,0.536,3.24,0.0734,7.96,1.17,0.102,0.711,0.718,9.85,8.86,0.234,4.31,7.82,16.2,0.895,2.97,1.53,0.97,12.5,0.662,8.43,1.08,4.6,0.795,0.563,36,3.84,11.2,0.0724,18,0.407,0.571,10.3,0.34,0.151,0.973,0.0483,5,0.14,0.592,3.83,6.57,7.36,4.66,1.4,3.53,1.83,0.0715,0.307,4.17,0.356,12.4,0.385,1.12,34.3,2.45,4.55,1.01,11,0.225,0.117,6.57,2.21,17.5,3.43,1.92,6.14,1.55,0.414,1.04,0.994,8.53,0.252,0.872
2013,0.253,1.64,1.9,5.83,24.2,4.56,1.91,5.7,16.7,7.49,3.88,0.0383,8.55,0.508,0.166,0.427,6.23,23.3,6.34,5.55,6.77,1.4,1.87,2.59,4.37,21.8,1.33,3.28,0.0649,16.2,4.78,4.36,7.02,0.43,0.293,0.0628,0.656,1.83,0.203,0.948,1.6,2.43,6.01,9.83,9.74,0.661,2.48,6.63,2.12,3.68,2.85,2.47,0.205,5.45,14.4,0.121,8.73,1.87,5.23,1.26,2.82,6.71,2.18,0.542,0.194,0.254,0.16,6.51,7.36,2.16,0.852,2.63,6.38,1.04,4.16,0.264,4.48,1.44,1.7,7.93,8.29,4.8,10.5,7.88,5.77,2.54,2.91,9.88,14.8,0.295,1.73,0.427,0.536,4.55,11.6,23.8,0.653,3.79,0.273,9.23,2.28,4.33,0.852,1.19,4.34,17.7,3.56,1.75,1.16,0.139,3.03,4,2.5,3.63,0.172,5.64,0.31,3.36,10.1,0.314,0.636,3.35,0.0628,8.08,1.63,0.107,0.725,0.749,9.41,8.74,0.285,4.63,7.81,15,0.915,2.78,1.67,1.02,12.7,0.727,8.11,1.22,4.61,0.828,0.641,43.1,3.87,11.2,0.0734,19.5,0.407,0.623,10.3,0.331,0.163,0.981,0.047,4.18,0.146,0.581,4.03,6.2,6.55,4.46,0.824,5.18,1.61,0.0717,0.305,4.07,0.545,12.5,0.437,1.13,33.9,2.52,4.69,1,11.1,0.225,0.123,5.71,1.96,17.5,3.44,2.02,6.13,1.75,0.584,1.09,0.937,8.86,0.277,0.881
2014,0.262,1.22,1.6,5.97,20.7,4.64,1.65,5.84,16.8,7.7,3.86,0.0386,8.84,0.555,0.182,0.467,6.69,23.8,5.39,5.39,6.29,1.61,1.81,2.42,4.36,16.8,1.34,2.56,0.0653,16,4.67,4.55,6.91,0.405,0.333,0.0367,0.649,1.96,0.217,0.943,1.51,2.57,5.99,9.89,9.74,0.665,2.47,6.19,2.29,3.8,2.63,2.37,0.201,5.81,12.1,0.128,8.06,2.45,5.3,1.31,2.69,6.42,2.38,0.579,0.215,0.251,0.16,5.16,7.04,2.38,0.95,2.61,5.9,1.08,4.22,0.272,4.78,1.96,1.76,8.27,8.17,4.66,10.7,8.15,5.88,2.62,2.75,9.58,15,0.341,1.73,0.545,0.562,4.58,11.7,24.1,1.31,3.69,0.27,8.79,2.29,4.25,0.949,1.14,4.48,16.5,3.65,1.76,1.18,0.149,2.86,3.96,2.49,3.41,0.178,3.96,0.421,3.57,7.76,0.233,0.609,3.35,0.0669,7.71,1.71,0.101,0.627,0.844,9.83,8.72,0.223,4.6,7.77,15.1,0.926,2.74,1.69,1.12,12.7,0.91,8.22,0.978,5.04,0.905,0.664,41.3,3.91,11.2,0.0816,19.6,0.499,0.695,11,0.316,0.126,1.07,0.0457,4.93,0.181,0.57,3.06,6.35,6.58,4.41,0.89,5.17,1.59,0.0694,0.369,4.1,0.574,12.6,0.42,1.2,33.7,2.62,4.86,0.991,10.9,0.244,0.133,4.99,1.94,16.9,3.31,2.02,5.69,1.95,0.487,1.21,0.48,8.35,0.271,0.881
2015,0.245,1.18,1.57,6.07,21.7,4.6,1.76,5.9,17,7.7,3.82,0.0461,8.68,0.577,0.181,0.481,6.33,22.1,4.73,6.42,6.46,1.54,1.92,2.2,4.43,18,1.56,2.93,0.0655,15.5,4.68,4.62,6.87,0.331,0.334,0.0254,0.638,2.01,0.254,1.02,1.6,2.48,6.29,10,9.76,0.646,2.52,6.49,2.37,3.64,2.46,2.47,0.204,5.59,13.3,0.135,8.6,2.32,5.31,1.3,2.64,6.04,2.47,0.57,0.234,0.247,0.165,4.65,6.73,2.43,0.988,3.04,5.99,1.04,4.3,0.273,4.87,2.15,1.79,8.5,8.21,5.15,10.5,7.89,5.83,2.81,2.55,9.45,15,0.35,1.59,0.617,0.587,4.62,12.1,24.8,2.56,3.64,0.296,7.72,2.3,3.96,1.1,1.21,4.54,15.7,3.67,1.74,1.21,0.156,3.04,3.94,2.48,3.39,0.173,3.24,0.471,3.22,8.29,0.278,0.552,3.45,0.0735,8.05,1.78,0.0967,0.634,0.875,9.81,8.47,0.325,4.55,7.36,14,0.967,2.59,1.82,1.15,12.6,0.899,8.51,1.09,4.88,1.06,0.698,38.5,3.83,11.1,0.0898,19.5,0.491,0.693,6.64,0.272,0.127,1.11,0.0455,5.09,0.159,0.595,3.05,6.42,6.95,4.33,1.04,6.32,1.63,0.0682,0.408,4.07,0.596,12.4,0.406,1.27,31.8,2.57,5.03,0.979,11.2,0.219,0.136,5.24,1.95,16.4,2.9,2.01,5.47,1.96,0.527,1.26,0.377,8.46,0.296,0.771
2016,0.247,1.14,1.61,6.27,21.1,4.55,1.7,5.89,17,7.94,3.73,0.047,8.55,0.618,0.196,0.494,6.68,21.3,4.72,6.5,6.64,1.51,1.94,2.23,4.44,17.9,1.58,3.14,0.0645,15.6,4.52,4.52,6.93,0.327,0.326,0.0244,0.623,1.91,0.261,1.13,1.58,2.48,6.39,9.93,9.66,0.666,2.54,6.07,2.32,3.56,2.36,2.46,0.212,5.89,14.2,0.138,8.12,2.36,5.35,1.32,2.58,5.81,2.66,0.606,0.254,0.266,0.179,4.54,7.09,2.41,0.959,3.03,5.92,1.02,4.48,0.271,5.11,2.21,1.84,8.15,8.51,4.99,10.8,7.85,5.76,2.8,2.47,9.33,15.7,0.36,1.53,0.626,0.594,4.62,12.5,24.1,2.62,3.53,0.32,7.96,2.31,4.11,1.16,1.33,4.72,15.6,3.71,1.79,1.18,0.163,2.99,3.95,2.53,3.53,0.186,3.68,0.476,3.23,8.49,0.28,0.599,3.75,0.0764,7.93,1.76,0.103,0.644,0.862,9.67,8.26,0.33,4.63,7.67,13.7,1.02,2.54,1.68,1.25,12.9,0.9,8.88,1.12,5.32,1.05,0.671,39.8,3.82,11.3,0.0912,19.1,0.503,0.734,7.11,0.272,0.139,1.1,0.0466,5.17,0.167,0.583,3.02,6.62,6.87,4.25,1.08,6.61,1.66,0.0661,0.432,4.12,0.581,12.7,0.409,1.29,31.4,2.67,5.25,0.994,11.6,0.222,0.137,5.02,1.95,16.2,2.92,2.02,5.23,1.95,0.527,1.29,0.363,8.12,0.304,0.845
2017,0.254,1.12,1.59,6.12,21.4,4.41,1.89,5.88,16.9,7.75,3.7,0.0467,8.69,0.623,0.198,0.531,6.32,19.8,4.7,6.53,6.93,1.5,1.96,2.18,4.48,18.5,1.61,2.96,0.0651,15.3,4.33,4.59,7.06,0.335,0.323,0.0243,0.617,1.96,0.263,1.16,1.61,2.53,6.3,9.94,9.14,0.672,2.55,6.06,2.34,3.69,2.46,2.43,0.215,5.75,14.8,0.137,8.52,2.41,5.2,1.34,2.53,5.65,2.64,0.615,0.256,0.268,0.181,4.35,7.03,2.43,1.07,3.12,5.86,1.04,4.48,0.27,5.14,2.3,1.96,8.09,8.81,5.32,10.8,7.67,5.58,2.79,2.42,9.14,17.6,0.36,1.6,0.64,0.601,4.62,12.9,23.7,2.74,3.53,0.324,8.09,2.31,4.03,1.1,1.26,4.84,15.9,3.73,1.84,1.27,0.163,2.96,3.79,2.58,3.49,0.187,3.61,0.491,3.2,8.88,0.281,0.605,3.83,0.0762,8.08,1.75,0.103,0.65,0.862,9.48,8.31,0.337,4.71,7.34,13.9,1.05,2.62,1.74,1.27,13.2,0.911,9.07,1.18,4.97,1.07,0.661,38,3.8,11.7,0.0913,18.4,0.504,0.739,7.1,0.273,0.141,1.11,0.0466,5.17,0.171,0.587,3.1,6.61,6.95,4.12,1.06,6.75,1.67,0.0656,0.434,4.15,0.603,13.7,0.412,1.31,31.3,2.73,5.2,1.01,11.6,0.222,0.135,5.09,2.01,16.6,2.81,2.03,4.81,2.16,0.529,1.32,0.356,8.1,0.302,0.85